FIPSCode,Jurisdiction_Name,State_Abbr,C1a,C1b,C8a,C9a
00100,CITY OF ABBOTSFORD - MULTIPLE COUNTIES,WI,50,45,45,0
00175,TOWN OF ABRAMS - OCONTO COUNTY,WI,139,133,132,1
00225,TOWN OF ACKLEY - LANGLADE COUNTY,WI,25,25,25,0
00275,CITY OF ADAMS - ADAMS COUNTY,WI,58,53,51,2
00300,TOWN OF ADAMS - ADAMS COUNTY,WI,73,69,69,0
00325,TOWN OF ADAMS - GREEN COUNTY,WI,25,23,23,0
00350,TOWN OF ADAMS - JACKSON COUNTY,WI,106,101,101,0
00425,TOWN OF ADDISON - WASHINGTON COUNTY,WI,163,152,151,1
00450,VILLAGE OF ADELL - SHEBOYGAN COUNTY,WI,15,13,13,0
00475,TOWN OF ADRIAN - MONROE COUNTY,WI,20,14,14,0
00550,TOWN OF AGENDA - ASHLAND COUNTY,WI,24,24,24,0
00600,TOWN OF AHNAPEE - KEWAUNEE COUNTY,WI,58,52,51,1
00625,TOWN OF AINSWORTH - LANGLADE COUNTY,WI,18,18,18,0
00675,TOWN OF AKAN - RICHLAND COUNTY,WI,22,19,16,3
00725,TOWN OF ALBAN - PORTAGE COUNTY,WI,57,54,54,0
00750,VILLAGE OF ALBANY - GREEN COUNTY,WI,46,38,38,0
00775,TOWN OF ALBANY - GREEN COUNTY,WI,61,55,55,0
00800,TOWN OF ALBANY - PEPIN COUNTY,WI,10,8,8,0
00875,TOWN OF ALBION - DANE COUNTY,WI,128,110,110,0
00900,TOWN OF ALBION - JACKSON COUNTY,WI,31,31,31,0
00925,TOWN OF ALBION - TREMPEALEAU COUNTY,WI,26,24,24,0
00950,TOWN OF ALDEN - POLK COUNTY,WI,334,314,314,0
01000,CITY OF ALGOMA - KEWAUNEE COUNTY,WI,311,283,283,0
01025,TOWN OF ALGOMA - WINNEBAGO COUNTY,WI,596,551,545,6
01150,VILLAGE OF ALLOUEZ - BROWN COUNTY,WI,1410,1317,1312,5
01225,CITY OF ALMA - BUFFALO COUNTY,WI,60,57,57,0
01250,TOWN OF ALMA - BUFFALO COUNTY,WI,10,10,10,0
01275,TOWN OF ALMA - JACKSON COUNTY,WI,35,34,34,0
01300,VILLAGE OF ALMA CENTER - JACKSON COUNTY,WI,14,13,13,0
01325,VILLAGE OF ALMENA - BARRON COUNTY,WI,16,15,15,0
01350,TOWN OF ALMENA - BARRON COUNTY,WI,78,64,64,0
01375,TOWN OF ALMON - SHAWANO COUNTY,WI,12,12,12,0
01400,VILLAGE OF ALMOND - PORTAGE COUNTY,WI,19,16,15,1
01425,TOWN OF ALMOND - PORTAGE COUNTY,WI,37,35,35,0
01525,TOWN OF ALTO - FOND DU LAC COUNTY,WI,26,23,23,0
01550,CITY OF ALTOONA - EAU CLAIRE COUNTY,WI,732,668,666,2
01625,TOWN OF ALVIN - FOREST COUNTY,WI,1,1,1,0
01675,TOWN OF AMBERG - MARINETTE COUNTY,WI,39,31,31,0
01725,CITY OF AMERY - POLK COUNTY,WI,241,190,189,1
01750,VILLAGE OF AMHERST - PORTAGE COUNTY,WI,71,64,64,0
01775,TOWN OF AMHERST - PORTAGE COUNTY,WI,115,103,103,0
01800,VILLAGE OF AMHERST JUNCTION - PORTAGE COUNTY,WI,21,19,19,0
01825,TOWN OF AMNICON - DOUGLAS COUNTY,WI,76,64,64,0
01900,TOWN OF ANDERSON - BURNETT COUNTY,WI,18,15,15,0
01925,TOWN OF ANDERSON - IRON COUNTY,WI,5,5,5,0
01975,TOWN OF ANGELICA - SHAWANO COUNTY,WI,80,75,75,0
02025,TOWN OF ANGELO - MONROE COUNTY,WI,31,26,24,2
02075,VILLAGE OF ANIWA - SHAWANO COUNTY,WI,6,4,4,0
02100,TOWN OF ANIWA - SHAWANO COUNTY,WI,15,11,11,0
02175,TOWN OF ANSON - CHIPPEWA COUNTY,WI,173,164,164,0
02250,CITY OF ANTIGO - LANGLADE COUNTY,WI,396,353,350,3
02275,TOWN OF ANTIGO - LANGLADE COUNTY,WI,92,84,84,0
02350,TOWN OF APPLE RIVER - POLK COUNTY,WI,53,52,52,0
02375,CITY OF APPLETON - MULTIPLE COUNTIES,WI,6729,6197,6116,81
02450,TOWN OF ARBOR VITAE - VILAS COUNTY,WI,400,375,366,9
02500,CITY OF ARCADIA - TREMPEALEAU COUNTY,WI,58,53,52,1
02525,TOWN OF ARCADIA - TREMPEALEAU COUNTY,WI,108,107,107,0
02550,VILLAGE OF ARENA - IOWA COUNTY,WI,50,48,47,1
02575,TOWN OF ARENA - IOWA COUNTY,WI,125,119,119,0
02625,TOWN OF ARGONNE - FOREST COUNTY,WI,27,25,25,0
02650,VILLAGE OF ARGYLE - LAFAYETTE COUNTY,WI,47,44,44,0
02675,TOWN OF ARGYLE - LAFAYETTE COUNTY,WI,21,19,19,0
02775,TOWN OF ARLAND - BARRON COUNTY,WI,28,24,24,0
02800,VILLAGE OF ARLINGTON - COLUMBIA COUNTY,WI,37,28,28,0
02825,TOWN OF ARLINGTON - COLUMBIA COUNTY,WI,52,48,48,0
02850,TOWN OF ARMENIA - JUNEAU COUNTY,WI,43,40,35,5
02950,TOWN OF ARMSTRONG CREEK - FOREST COUNTY,WI,23,22,21,1
03025,VILLAGE OF ARPIN - WOOD COUNTY,WI,16,13,13,0
03050,TOWN OF ARPIN - WOOD COUNTY,WI,39,37,36,1
03075,TOWN OF ARTHUR - CHIPPEWA COUNTY,WI,25,23,23,0
03150,TOWN OF ASHFORD - FOND DU LAC COUNTY,WI,109,100,100,0
03200,TOWN OF ASHIPPUN - DODGE COUNTY,WI,135,120,118,2
03225,CITY OF ASHLAND - MULTIPLE COUNTIES,WI,686,619,614,5
03250,TOWN OF ASHLAND - ASHLAND COUNTY,WI,42,38,37,1
03425,VILLAGE OF ASHWAUBENON - BROWN COUNTY,WI,1440,1328,1321,7
03525,TOWN OF ATHELSTANE - MARINETTE COUNTY,WI,31,28,28,0
03550,VILLAGE OF ATHENS - MARATHON COUNTY,WI,40,38,38,0
03600,TOWN OF ATLANTA - RUSK COUNTY,WI,12,10,10,0
03725,TOWN OF AUBURN - CHIPPEWA COUNTY,WI,20,16,16,0
03750,TOWN OF AUBURN - FOND DU LAC COUNTY,WI,129,118,118,0
03775,VILLAGE OF AUBURNDALE - WOOD COUNTY,WI,28,22,22,0
03800,TOWN OF AUBURNDALE - WOOD COUNTY,WI,20,19,18,1
03825,CITY OF AUGUSTA - EAU CLAIRE COUNTY,WI,48,40,40,0
03875,TOWN OF AURORA - FLORENCE COUNTY,WI,9,0,0,0
03900,TOWN OF AURORA - TAYLOR COUNTY,WI,6,5,5,0
03925,TOWN OF AURORA - WAUSHARA COUNTY,WI,62,55,55,0
04025,VILLAGE OF AVOCA - IOWA COUNTY,WI,22,14,14,0
04100,TOWN OF AVON - ROCK COUNTY,WI,31,27,27,0
04125,TOWN OF AZTALAN - JEFFERSON COUNTY,WI,98,92,91,1
04250,VILLAGE OF BAGLEY - GRANT COUNTY,WI,27,25,25,0
04275,TOWN OF BAGLEY - OCONTO COUNTY,WI,16,15,15,0
04325,TOWN OF BAILEYS HARBOR - DOOR COUNTY,WI,173,163,162,1
04400,VILLAGE OF BALDWIN - ST. CROIX COUNTY,WI,208,164,162,2
04425,TOWN OF BALDWIN - ST. CROIX COUNTY,WI,51,50,49,1
04475,VILLAGE OF BALSAM LAKE - POLK COUNTY,WI,65,62,62,0
04500,TOWN OF BALSAM LAKE - POLK COUNTY,WI,98,87,87,0
04550,VILLAGE OF BANGOR - LA CROSSE COUNTY,WI,69,61,60,1
04575,TOWN OF BANGOR - LA CROSSE COUNTY,WI,29,28,28,0
04625,CITY OF BARABOO - SAUK COUNTY,WI,984,906,893,13
04650,TOWN OF BARABOO - SAUK COUNTY,WI,132,129,127,2
04725,TOWN OF BARKSDALE - BAYFIELD COUNTY,WI,65,50,49,1
04750,TOWN OF BARNES - BAYFIELD COUNTY,WI,108,102,101,1
04775,VILLAGE OF BARNEVELD - IOWA COUNTY,WI,71,64,64,0
04825,TOWN OF BARRE - LA CROSSE COUNTY,WI,66,60,59,1
04875,CITY OF BARRON - BARRON COUNTY,WI,186,163,161,2
04900,TOWN OF BARRON - BARRON COUNTY,WI,26,26,26,0
04950,TOWN OF BARRONETT - WASHBURN COUNTY,WI,27,23,23,0
05000,TOWN OF BARTELME - SHAWANO COUNTY,WI,29,24,24,0
05050,TOWN OF BARTON - WASHINGTON COUNTY,WI,164,154,153,1
05125,TOWN OF BASHAW - WASHBURN COUNTY,WI,93,78,76,2
05200,TOWN OF BASS LAKE - SAWYER COUNTY,WI,179,164,164,0
05225,TOWN OF BASS LAKE - WASHBURN COUNTY,WI,20,18,18,0
05325,VILLAGE OF BAY CITY - PIERCE COUNTY,WI,16,16,16,0
05350,CITY OF BAYFIELD - BAYFIELD COUNTY,WI,63,61,61,0
05375,TOWN OF BAYFIELD - BAYFIELD COUNTY,WI,107,101,100,1
05450,VILLAGE OF BAYSIDE - MULTIPLE COUNTIES,WI,938,856,837,19
05475,TOWN OF BAYVIEW - BAYFIELD COUNTY,WI,47,45,44,1
05550,TOWN OF BEAR BLUFF - JACKSON COUNTY,WI,5,5,4,1
05575,VILLAGE OF BEAR CREEK - OUTAGAMIE COUNTY,WI,6,6,6,0
05600,TOWN OF BEAR CREEK - SAUK COUNTY,WI,28,28,25,3
05625,TOWN OF BEAR CREEK - WAUPACA COUNTY,WI,27,26,26,0
05650,TOWN OF BEAR LAKE - BARRON COUNTY,WI,41,34,34,0
05750,TOWN OF BEAVER - CLARK COUNTY,WI,21,19,18,1
05800,TOWN OF BEAVER - MARINETTE COUNTY,WI,48,46,46,0
05825,TOWN OF BEAVER - POLK COUNTY,WI,39,39,38,1
05875,TOWN OF BEAVER BROOK - WASHBURN COUNTY,WI,44,44,43,1
05900,CITY OF BEAVER DAM - DODGE COUNTY,WI,1097,899,898,1
05925,TOWN OF BEAVER DAM - DODGE COUNTY,WI,353,313,313,0
06000,TOWN OF BEECHER - MARINETTE COUNTY,WI,48,44,44,0
06100,TOWN OF BEETOWN - GRANT COUNTY,WI,17,16,16,0
06150,VILLAGE OF BELGIUM - OZAUKEE COUNTY,WI,121,115,113,2
06175,TOWN OF BELGIUM - OZAUKEE COUNTY,WI,105,101,99,2
06200,TOWN OF BELL - BAYFIELD COUNTY,WI,50,46,46,0
06225,VILLAGE OF BELL CENTER - CRAWFORD COUNTY,WI,3,3,3,0
06275,TOWN OF BELLE PLAINE - SHAWANO COUNTY,WI,107,100,100,0
06300,VILLAGE OF BELLEVILLE - MULTIPLE COUNTIES,WI,345,294,292,2
06350,VILLAGE OF BELLEVUE - BROWN COUNTY,WI,1584,1492,1414,78
06425,VILLAGE OF BELMONT - LAFAYETTE COUNTY,WI,34,30,29,1
06450,TOWN OF BELMONT - LAFAYETTE COUNTY,WI,24,18,18,0
06475,TOWN OF BELMONT - PORTAGE COUNTY,WI,42,39,39,0
06500,CITY OF BELOIT - ROCK COUNTY,WI,1976,1585,1566,19
06525,TOWN OF BELOIT - ROCK COUNTY,WI,540,490,482,8
06675,TOWN OF BELVIDERE - BUFFALO COUNTY,WI,10,10,10,0
06775,TOWN OF BENNETT - DOUGLAS COUNTY,WI,57,50,49,1
06825,VILLAGE OF BENTON - LAFAYETTE COUNTY,WI,46,40,39,1
06850,TOWN OF BENTON - LAFAYETTE COUNTY,WI,15,15,15,0
06875,TOWN OF BERGEN - MARATHON COUNTY,WI,47,43,43,0
06900,TOWN OF BERGEN - VERNON COUNTY,WI,89,84,77,7
06925,CITY OF BERLIN - MULTIPLE COUNTIES,WI,285,252,246,6
06950,TOWN OF BERLIN - GREEN LAKE COUNTY,WI,43,41,41,0
06975,TOWN OF BERLIN - MARATHON COUNTY,WI,66,55,55,0
07000,TOWN OF BERN - MARATHON COUNTY,WI,13,13,13,0
07025,TOWN OF BERRY - DANE COUNTY,WI,90,83,83,0
07125,TOWN OF BEVENT - MARATHON COUNTY,WI,55,54,51,3
07175,TOWN OF BIG BEND - RUSK COUNTY,WI,40,35,35,0
07200,VILLAGE OF BIG BEND - WAUKESHA COUNTY,WI,70,54,54,0
07225,TOWN OF BIG FALLS - RUSK COUNTY,WI,5,5,5,0
07250,VILLAGE OF BIG FALLS - WAUPACA COUNTY,WI,3,2,2,0
07300,TOWN OF BIG FLATS - ADAMS COUNTY,WI,37,27,27,0
07500,TOWN OF BIRCH - LINCOLN COUNTY,WI,13,13,12,1
07525,TOWN OF BIRCH CREEK - CHIPPEWA COUNTY,WI,48,47,47,0
07550,VILLAGE OF BIRCHWOOD - WASHBURN COUNTY,WI,10,9,9,0
07575,TOWN OF BIRCHWOOD - WASHBURN COUNTY,WI,72,72,70,2
07600,VILLAGE OF BIRNAMWOOD - MULTIPLE COUNTIES,WI,20,20,20,0
07625,TOWN OF BIRNAMWOOD - SHAWANO COUNTY,WI,18,17,17,0
07650,VILLAGE OF BIRON - WOOD COUNTY,WI,51,49,47,2
07700,TOWN OF BLACK BROOK - POLK COUNTY,WI,88,82,82,0
07725,VILLAGE OF BLACK CREEK - OUTAGAMIE COUNTY,WI,53,47,47,0
07750,TOWN OF BLACK CREEK - OUTAGAMIE COUNTY,WI,39,33,33,0
07800,VILLAGE OF BLACK EARTH - DANE COUNTY,WI,94,88,87,1
07825,TOWN OF BLACK EARTH - DANE COUNTY,WI,56,55,55,0
07900,CITY OF BLACK RIVER FALLS - JACKSON COUNTY,WI,187,152,152,0
07950,TOWN OF BLACKWELL - FOREST COUNTY,WI,3,3,3,0
08000,TOWN OF BLACK WOLF - WINNEBAGO COUNTY,WI,211,201,198,3
08025,TOWN OF BLAINE - BURNETT COUNTY,WI,13,11,11,0
08075,CITY OF BLAIR - TREMPEALEAU COUNTY,WI,32,30,29,1
08100,TOWN OF BLANCHARD - LAFAYETTE COUNTY,WI,19,18,18,0
08125,VILLAGE OF BLANCHARDVILLE - MULTIPLE COUNTIES,WI,50,49,49,0
08175,TOWN OF BLOOM - RICHLAND COUNTY,WI,23,21,19,2
08225,CITY OF BLOOMER - CHIPPEWA COUNTY,WI,263,251,245,6
08250,TOWN OF BLOOMER - CHIPPEWA COUNTY,WI,50,43,43,0
08265,VILLAGE OF BLOOMFIELD - WALWORTH COUNTY,WI,228,203,202,1
08275,TOWN OF BLOOMFIELD - WALWORTH COUNTY,WI,123,96,96,0
08300,TOWN OF BLOOMFIELD - WAUSHARA COUNTY,WI,50,46,45,1
08350,TOWN OF BLOOMING GROVE - DANE COUNTY,WI,194,181,178,3
08375,VILLAGE OF BLOOMINGTON - GRANT COUNTY,WI,26,25,25,0
08400,TOWN OF BLOOMINGTON - GRANT COUNTY,WI,12,12,12,0
08475,VILLAGE OF BLUE MOUNDS - DANE COUNTY,WI,69,67,65,2
08500,TOWN OF BLUE MOUNDS - DANE COUNTY,WI,166,147,147,0
08525,VILLAGE OF BLUE RIVER - GRANT COUNTY,WI,11,9,9,0
08600,VILLAGE OF BOAZ - RICHLAND COUNTY,WI,3,3,3,0
08725,VILLAGE OF BONDUEL - SHAWANO COUNTY,WI,75,72,72,0
08750,TOWN OF BONE LAKE - POLK COUNTY,WI,35,28,28,0
08850,CITY OF BOSCOBEL - GRANT COUNTY,WI,109,98,94,4
08875,TOWN OF BOSCOBEL - GRANT COUNTY,WI,9,9,9,0
08950,TOWN OF BOULDER JUNCTION - VILAS COUNTY,WI,146,129,127,2
08975,TOWN OF BOVINA - OUTAGAMIE COUNTY,WI,36,35,35,0
09025,VILLAGE OF BOWLER - SHAWANO COUNTY,WI,13,12,12,0
09050,VILLAGE OF BOYCEVILLE - DUNN COUNTY,WI,17,17,14,3
09075,VILLAGE OF BOYD - CHIPPEWA COUNTY,WI,9,8,8,0
09175,TOWN OF BRADFORD - ROCK COUNTY,WI,33,30,30,0
09225,TOWN OF BRADLEY - LINCOLN COUNTY,WI,202,185,185,0
09300,VILLAGE OF BRANDON - FOND DU LAC COUNTY,WI,50,48,48,0
09375,TOWN OF BRAZEAU - OCONTO COUNTY,WI,106,100,96,4
09425,TOWN OF BREED - OCONTO COUNTY,WI,20,15,15,0
09500,TOWN OF BRIDGE CREEK - EAU CLAIRE COUNTY,WI,54,48,47,1
09550,TOWN OF BRIDGEPORT - CRAWFORD COUNTY,WI,61,56,56,0
09600,TOWN OF BRIGHAM - IOWA COUNTY,WI,123,118,117,1
09635,TOWN OF BRIGHTON - KENOSHA COUNTY,WI,86,75,75,0
09650,TOWN OF BRIGHTON - MARATHON COUNTY,WI,22,20,20,0
09725,CITY OF BRILLION - CALUMET COUNTY,WI,139,125,122,3
09750,TOWN OF BRILLION - CALUMET COUNTY,WI,92,80,76,4
09775,TOWN OF BRISTOL - DANE COUNTY,WI,532,470,470,0
09800,VILLAGE OF BRISTOL - KENOSHA COUNTY,WI,375,313,313,0
09900,TOWN OF BROCKWAY - JACKSON COUNTY,WI,58,53,52,1
09925,CITY OF BRODHEAD - MULTIPLE COUNTIES,WI,117,112,112,0
10025,CITY OF BROOKFIELD - WAUKESHA COUNTY,WI,5166,4535,4517,18
10050,TOWN OF BROOKFIELD - WAUKESHA COUNTY,WI,852,717,707,10
10075,VILLAGE OF BROOKLYN - MULTIPLE COUNTIES,WI,78,73,73,0
10100,TOWN OF BROOKLYN - GREEN COUNTY,WI,94,82,81,1
10125,TOWN OF BROOKLYN - GREEN LAKE COUNTY,WI,180,167,164,3
10150,TOWN OF BROOKLYN - WASHBURN COUNTY,WI,24,20,20,0
10350,TOWN OF BROTHERTOWN - CALUMET COUNTY,WI,75,70,70,0
10375,VILLAGE OF BROWN DEER - MILWAUKEE COUNTY,WI,1434,1225,1216,9
10400,TOWN OF BROWNING - TAYLOR COUNTY,WI,41,36,35,1
10450,VILLAGE OF BROWNSVILLE - DODGE COUNTY,WI,26,25,25,0
10475,VILLAGE OF BROWNTOWN - GREEN COUNTY,WI,10,10,10,0
10500,VILLAGE OF BRUCE - RUSK COUNTY,WI,54,53,53,0
10575,TOWN OF BRULE - DOUGLAS COUNTY,WI,55,49,49,0
10625,TOWN OF BRUNSWICK - EAU CLAIRE COUNTY,WI,161,146,144,2
10700,TOWN OF BRUSSELS - DOOR COUNTY,WI,53,49,49,0
10750,TOWN OF BUCHANAN - OUTAGAMIE COUNTY,WI,562,519,518,1
10925,TOWN OF BUENA VISTA - PORTAGE COUNTY,WI,50,45,45,0
10950,TOWN OF BUENA VISTA - RICHLAND COUNTY,WI,62,54,54,0
11025,TOWN OF BUFFALO - BUFFALO COUNTY,WI,23,21,21,0
11050,TOWN OF BUFFALO - MARQUETTE COUNTY,WI,70,70,70,0
11062,CITY OF BUFFALO CITY - BUFFALO COUNTY,WI,52,48,48,0
11150,TOWN OF BURKE - DANE COUNTY,WI,337,310,309,1
11200,CITY OF BURLINGTON - MULTIPLE COUNTIES,WI,700,637,637,0
11225,TOWN OF BURLINGTON - RACINE COUNTY,WI,398,357,355,2
11275,TOWN OF BURNETT - DODGE COUNTY,WI,19,17,17,0
11300,TOWN OF BURNS - LA CROSSE COUNTY,WI,34,31,31,0
11325,TOWN OF BURNSIDE - TREMPEALEAU COUNTY,WI,10,10,10,0
11425,TOWN OF BUTLER - CLARK COUNTY,WI,4,4,4,0
11475,VILLAGE OF BUTLER - WAUKESHA COUNTY,WI,107,92,92,0
11525,VILLAGE OF BUTTERNUT - ASHLAND COUNTY,WI,17,17,17,0
11600,TOWN OF BYRON - FOND DU LAC COUNTY,WI,103,102,102,0
11625,TOWN OF BYRON - MONROE COUNTY,WI,23,21,21,0
11675,TOWN OF CABLE - BAYFIELD COUNTY,WI,95,82,80,2
11725,TOWN OF CADIZ - GREEN COUNTY,WI,51,45,44,1
11750,VILLAGE OF CADOTT - CHIPPEWA COUNTY,WI,59,50,50,0
11775,TOWN OF CADY - ST. CROIX COUNTY,WI,29,28,27,1
11850,TOWN OF CALAMUS - DODGE COUNTY,WI,61,57,57,0
11900,TOWN OF CALEDONIA - COLUMBIA COUNTY,WI,139,131,131,0
11950,VILLAGE OF CALEDONIA - RACINE COUNTY,WI,2027,1845,1814,31
11975,TOWN OF CALEDONIA - TREMPEALEAU COUNTY,WI,41,41,41,0
12000,TOWN OF CALEDONIA - WAUPACA COUNTY,WI,106,90,90,0
12075,TOWN OF CALUMET - FOND DU LAC COUNTY,WI,83,75,74,1
12200,VILLAGE OF CAMBRIA - COLUMBIA COUNTY,WI,31,31,30,1
12225,VILLAGE OF CAMBRIDGE - MULTIPLE COUNTIES,WI,156,144,144,0
12250,VILLAGE OF CAMERON - BARRON COUNTY,WI,48,44,44,0
12275,TOWN OF CAMERON - WOOD COUNTY,WI,16,14,14,0
12300,TOWN OF CAMPBELL - LA CROSSE COUNTY,WI,367,334,332,2
12325,VILLAGE OF CAMPBELLSPORT - FOND DU LAC COUNTY,WI,58,57,57,0
12350,VILLAGE OF CAMP DOUGLAS - JUNEAU COUNTY,WI,15,12,12,0
12500,TOWN OF CANTON - BUFFALO COUNTY,WI,5,5,5,0
12525,TOWN OF CAREY - IRON COUNTY,WI,5,5,5,0
12575,TOWN OF CARLTON - KEWAUNEE COUNTY,WI,15,13,12,1
12725,TOWN OF CARSON - PORTAGE COUNTY,WI,106,99,99,0
12775,TOWN OF CARY - WOOD COUNTY,WI,18,16,15,1
12825,VILLAGE OF CASCADE - SHEBOYGAN COUNTY,WI,22,21,21,0
12850,VILLAGE OF CASCO - KEWAUNEE COUNTY,WI,22,21,21,0
12875,TOWN OF CASCO - KEWAUNEE COUNTY,WI,62,57,57,0
12925,TOWN OF CASEY - WASHBURN COUNTY,WI,39,38,38,0
12950,VILLAGE OF CASHTON - MONROE COUNTY,WI,20,18,18,0
12975,TOWN OF CASSEL - MARATHON COUNTY,WI,32,28,28,0
13025,TOWN OF CASSIAN - ONEIDA COUNTY,WI,146,99,93,6
13050,VILLAGE OF CASSVILLE - GRANT COUNTY,WI,23,22,22,0
13075,TOWN OF CASSVILLE - GRANT COUNTY,WI,14,14,14,0
13100,TOWN OF CASTLE ROCK - GRANT COUNTY,WI,10,9,9,0
13125,TOWN OF CASWELL - FOREST COUNTY,WI,3,3,3,0
13175,VILLAGE OF CATAWBA - PRICE COUNTY,WI,8,8,8,0
13200,TOWN OF CATAWBA - PRICE COUNTY,WI,15,13,13,0
13237,TOWN OF CATO - MANITOWOC COUNTY,WI,51,50,50,0
13300,VILLAGE OF CAZENOVIA - MULTIPLE COUNTIES,WI,9,9,9,0
13325,VILLAGE OF CECIL - SHAWANO COUNTY,WI,35,34,34,0
13375,CITY OF CEDARBURG - OZAUKEE COUNTY,WI,1271,1181,1161,20
13400,TOWN OF CEDARBURG - OZAUKEE COUNTY,WI,642,587,577,10
13475,VILLAGE OF CEDAR GROVE - SHEBOYGAN COUNTY,WI,93,89,88,1
13500,TOWN OF CEDAR LAKE - BARRON COUNTY,WI,107,104,103,1
13550,TOWN OF CEDAR RAPIDS - RUSK COUNTY,WI,3,3,3,0
13600,TOWN OF CENTER - OUTAGAMIE COUNTY,WI,251,235,234,1
13625,TOWN OF CENTER - ROCK COUNTY,WI,63,58,58,0
13750,TOWN OF CENTERVILLE - MANITOWOC COUNTY,WI,40,38,38,0
13850,VILLAGE OF CENTURIA - POLK COUNTY,WI,24,20,20,0
14000,TOWN OF CHARLESTOWN - CALUMET COUNTY,WI,35,29,29,0
14125,TOWN OF CHASE - OCONTO COUNTY,WI,211,194,189,5
14150,VILLAGE OF CHASEBURG - VERNON COUNTY,WI,12,12,12,0
14200,TOWN OF CHELSEA - TAYLOR COUNTY,WI,29,29,29,0
14225,VILLAGE OF CHENEQUA - WAUKESHA COUNTY,WI,51,44,39,5
14300,TOWN OF CHESTER - DODGE COUNTY,WI,16,15,15,0
14325,CITY OF CHETEK - BARRON COUNTY,WI,122,112,109,3
14350,TOWN OF CHETEK - BARRON COUNTY,WI,120,105,103,2
14425,TOWN OF CHICOG - WASHBURN COUNTY,WI,24,24,24,0
14475,CITY OF CHILTON - CALUMET COUNTY,WI,157,145,142,3
14500,TOWN OF CHILTON - CALUMET COUNTY,WI,47,40,40,0
14525,TOWN OF CHIMNEY ROCK - TREMPEALEAU COUNTY,WI,18,18,18,0
14550,TOWN OF CHIPPEWA - ASHLAND COUNTY,WI,21,20,19,1
14575,CITY OF CHIPPEWA FALLS - CHIPPEWA COUNTY,WI,933,874,869,5
14650,TOWN OF CHRISTIANA - DANE COUNTY,WI,71,58,58,0
14675,TOWN OF CHRISTIANA - VERNON COUNTY,WI,53,47,43,4
14750,TOWN OF CICERO - OUTAGAMIE COUNTY,WI,51,48,48,0
14800,TOWN OF CITY POINT - JACKSON COUNTY,WI,11,9,9,0
14837,TOWN OF CLAM FALLS - POLK COUNTY,WI,24,21,21,0
15000,TOWN OF CLARNO - GREEN COUNTY,WI,67,63,63,0
15025,TOWN OF CLAY BANKS - DOOR COUNTY,WI,32,31,31,0
15075,TOWN OF CLAYTON - CRAWFORD COUNTY,WI,76,66,65,1
15100,VILLAGE OF CLAYTON - POLK COUNTY,WI,4,4,4,0
15125,TOWN OF CLAYTON - POLK COUNTY,WI,56,55,53,2
15150,TOWN OF CLAYTON - WINNEBAGO COUNTY,WI,414,380,374,6
15200,TOWN OF CLEAR CREEK - EAU CLAIRE COUNTY,WI,42,35,35,0
15225,TOWN OF CLEARFIELD - JUNEAU COUNTY,WI,39,36,36,0
15250,VILLAGE OF CLEAR LAKE - POLK COUNTY,WI,45,43,42,1
15275,TOWN OF CLEAR LAKE - POLK COUNTY,WI,18,17,17,0
15350,TOWN OF CLEVELAND - CHIPPEWA COUNTY,WI,38,35,35,0
15375,TOWN OF CLEVELAND - JACKSON COUNTY,WI,15,15,14,1
15400,VILLAGE OF CLEVELAND - MANITOWOC COUNTY,WI,62,61,58,3
15425,TOWN OF CLEVELAND - MARATHON COUNTY,WI,55,42,41,1
15450,TOWN OF CLEVELAND - TAYLOR COUNTY,WI,10,10,6,4
15500,TOWN OF CLIFTON - GRANT COUNTY,WI,7,7,7,0
15550,TOWN OF CLIFTON - MONROE COUNTY,WI,16,13,13,0
15575,TOWN OF CLIFTON - PIERCE COUNTY,WI,262,245,241,4
15600,TOWN OF CLINTON - BARRON COUNTY,WI,40,35,35,0
15625,VILLAGE OF CLINTON - ROCK COUNTY,WI,84,74,73,1
15650,TOWN OF CLINTON - ROCK COUNTY,WI,28,25,25,0
15675,TOWN OF CLINTON - VERNON COUNTY,WI,14,13,13,0
15725,CITY OF CLINTONVILLE - WAUPACA COUNTY,WI,198,186,183,3
15750,TOWN OF CLOVER - BAYFIELD COUNTY,WI,29,25,25,0
15825,TOWN OF CLOVERLAND - DOUGLAS COUNTY,WI,7,6,6,0
15850,TOWN OF CLOVERLAND - VILAS COUNTY,WI,89,74,73,1
15875,TOWN OF CLYDE - IOWA COUNTY,WI,21,21,21,0
15900,VILLAGE OF CLYMAN - DODGE COUNTY,WI,4,3,3,0
15925,TOWN OF CLYMAN - DODGE COUNTY,WI,28,28,28,0
15975,VILLAGE OF COBB - IOWA COUNTY,WI,30,28,28,0
16025,VILLAGE OF COCHRANE - BUFFALO COUNTY,WI,14,12,12,0
16075,TOWN OF COLBURN - ADAMS COUNTY,WI,23,23,23,0
16125,TOWN OF COLBURN - CHIPPEWA COUNTY,WI,28,25,25,0
16150,CITY OF COLBY - MULTIPLE COUNTIES,WI,59,54,54,0
16175,TOWN OF COLBY - CLARK COUNTY,WI,26,25,25,0
16225,TOWN OF COLD SPRING - JEFFERSON COUNTY,WI,53,51,49,2
16250,VILLAGE OF COLEMAN - MARINETTE COUNTY,WI,39,38,38,0
16275,VILLAGE OF COLFAX - DUNN COUNTY,WI,37,33,33,0
16300,TOWN OF COLFAX - DUNN COUNTY,WI,66,53,53,0
16375,VILLAGE OF COLOMA - WAUSHARA COUNTY,WI,14,13,13,0
16400,TOWN OF COLOMA - WAUSHARA COUNTY,WI,36,31,31,0
16450,CITY OF COLUMBUS - MULTIPLE COUNTIES,WI,441,407,407,0
16475,TOWN OF COLUMBUS - COLUMBIA COUNTY,WI,25,17,16,1
16500,VILLAGE OF COMBINED LOCKS - OUTAGAMIE COUNTY,WI,341,316,316,0
16550,TOWN OF COMMONWEALTH - FLORENCE COUNTY,WI,26,26,26,0
16650,TOWN OF CONCORD - JEFFERSON COUNTY,WI,170,157,157,0
16750,TOWN OF CONOVER - VILAS COUNTY,WI,119,109,107,2
16775,VILLAGE OF CONRATH - RUSK COUNTY,WI,0,0,0,0
16800,TOWN OF COOKS VALLEY - CHIPPEWA COUNTY,WI,19,17,13,4
16875,TOWN OF COON - VERNON COUNTY,WI,46,45,45,0
16900,VILLAGE OF COON VALLEY - VERNON COUNTY,WI,46,43,39,4
16950,TOWN OF COOPERSTOWN - MANITOWOC COUNTY,WI,93,80,79,1
17100,CITY OF CORNELL - CHIPPEWA COUNTY,WI,62,54,54,0
17125,TOWN OF CORNING - LINCOLN COUNTY,WI,45,35,35,0
17175,VILLAGE OF COTTAGE GROVE - DANE COUNTY,WI,912,826,821,5
17200,TOWN OF COTTAGE GROVE - DANE COUNTY,WI,472,432,430,2
17225,VILLAGE OF COUDERAY - SAWYER COUNTY,WI,0,0,0,0
17250,TOWN OF COUDERAY - SAWYER COUNTY,WI,16,15,15,0
17325,TOWN OF COURTLAND - COLUMBIA COUNTY,WI,28,25,25,0
17425,CITY OF CRANDON - FOREST COUNTY,WI,102,80,77,3
17450,TOWN OF CRANDON - FOREST COUNTY,WI,28,24,21,3
17525,TOWN OF CRANMOOR - WOOD COUNTY,WI,8,8,8,0
17625,TOWN OF CRESCENT - ONEIDA COUNTY,WI,188,175,175,0
17725,VILLAGE OF CRIVITZ - MARINETTE COUNTY,WI,53,50,48,2
17737,TOWN OF CROSS - BUFFALO COUNTY,WI,12,10,10,0
17775,VILLAGE OF CROSS PLAINS - DANE COUNTY,WI,346,321,321,0
17800,TOWN OF CROSS PLAINS - DANE COUNTY,WI,188,181,178,3
17850,TOWN OF CRYSTAL - WASHBURN COUNTY,WI,7,7,7,0
17875,TOWN OF CRYSTAL LAKE - BARRON COUNTY,WI,37,30,28,2
17900,TOWN OF CRYSTAL LAKE - MARQUETTE COUNTY,WI,43,38,38,0
17950,CITY OF CUBA CITY - MULTIPLE COUNTIES,WI,156,154,154,0
17975,CITY OF CUDAHY - MILWAUKEE COUNTY,WI,1584,1444,1434,10
18025,CITY OF CUMBERLAND - BARRON COUNTY,WI,159,141,138,3
18050,TOWN OF CUMBERLAND - BARRON COUNTY,WI,28,28,28,0
18075,TOWN OF CURRAN - JACKSON COUNTY,WI,13,11,11,0
18125,VILLAGE OF CURTISS - CLARK COUNTY,WI,0,0,0,0
18225,TOWN OF CUTLER - JUNEAU COUNTY,WI,9,9,9,0
18300,TOWN OF CYLON - ST. CROIX COUNTY,WI,32,31,31,0
18425,TOWN OF DAIRYLAND - DOUGLAS COUNTY,WI,4,4,4,0
18475,TOWN OF DAKOTA - WAUSHARA COUNTY,WI,55,54,53,1
18525,TOWN OF DALE - OUTAGAMIE COUNTY,WI,171,155,150,5
18575,VILLAGE OF DALLAS - BARRON COUNTY,WI,2,2,2,0
18600,TOWN OF DALLAS - BARRON COUNTY,WI,18,17,17,0
18700,VILLAGE OF DANE - DANE COUNTY,WI,79,74,74,0
18725,TOWN OF DANE - DANE COUNTY,WI,65,62,62,0
18750,TOWN OF DANIELS - BURNETT COUNTY,WI,39,35,34,1
18825,VILLAGE OF DARIEN - WALWORTH COUNTY,WI,43,38,38,0
18850,TOWN OF DARIEN - WALWORTH COUNTY,WI,75,71,68,3
18875,CITY OF DARLINGTON - LAFAYETTE COUNTY,WI,111,96,96,0
18900,TOWN OF DARLINGTON - LAFAYETTE COUNTY,WI,38,31,31,0
18950,TOWN OF DAY - MARATHON COUNTY,WI,33,29,29,0
19000,TOWN OF DAYTON - RICHLAND COUNTY,WI,31,27,25,2
19025,TOWN OF DAYTON - WAUPACA COUNTY,WI,161,142,142,0
19075,TOWN OF DECATUR - GREEN COUNTY,WI,71,64,63,1
19200,TOWN OF DEER CREEK - OUTAGAMIE COUNTY,WI,8,8,8,0
19225,TOWN OF DEER CREEK - TAYLOR COUNTY,WI,14,13,13,0
19250,VILLAGE OF DEERFIELD - DANE COUNTY,WI,162,154,154,0
19275,TOWN OF DEERFIELD - DANE COUNTY,WI,152,130,130,0
19300,TOWN OF DEERFIELD - WAUSHARA COUNTY,WI,28,26,26,0
19325,VILLAGE OF DEER PARK - ST. CROIX COUNTY,WI,12,12,11,1
19350,VILLAGE OF DEFOREST - DANE COUNTY,WI,1331,1227,1220,7
19375,TOWN OF DEKORRA - COLUMBIA COUNTY,WI,253,221,221,0
19400,CITY OF DELAFIELD - WAUKESHA COUNTY,WI,755,674,660,14
19425,TOWN OF DELAFIELD - WAUKESHA COUNTY,WI,865,784,766,18
19450,CITY OF DELAVAN - WALWORTH COUNTY,WI,412,367,365,2
19475,TOWN OF DELAVAN - WALWORTH COUNTY,WI,434,375,373,2
19550,TOWN OF DELLONA - SAUK COUNTY,WI,93,88,88,0
19575,TOWN OF DELL PRAIRIE - ADAMS COUNTY,WI,71,67,67,0
19625,TOWN OF DELMAR - CHIPPEWA COUNTY,WI,37,30,30,0
19662,TOWN OF DELTA - BAYFIELD COUNTY,WI,53,52,52,0
19675,TOWN OF DELTON - SAUK COUNTY,WI,179,166,163,3
19700,VILLAGE OF DENMARK - BROWN COUNTY,WI,129,122,122,0
19775,CITY OF DE PERE - BROWN COUNTY,WI,2526,2374,2363,11
19850,VILLAGE OF DE SOTO - MULTIPLE COUNTIES,WI,12,12,12,0
19925,TOWN OF DEWEY - BURNETT COUNTY,WI,20,18,17,1
19975,TOWN OF DEWEY - PORTAGE COUNTY,WI,101,85,85,0
20000,TOWN OF DEWEY - RUSK COUNTY,WI,29,26,26,0
20025,TOWN OF DEWHURST - CLARK COUNTY,WI,27,24,24,0
20075,TOWN OF DEXTER - WOOD COUNTY,WI,10,9,9,0
20150,TOWN OF DIAMOND BLUFF - PIERCE COUNTY,WI,15,13,13,0
20175,VILLAGE OF DICKEYVILLE - GRANT COUNTY,WI,36,36,36,0
20300,TOWN OF DODGE - TREMPEALEAU COUNTY,WI,17,17,17,0
20350,CITY OF DODGEVILLE - IOWA COUNTY,WI,403,368,367,1
20375,TOWN OF DODGEVILLE - IOWA COUNTY,WI,126,116,116,0
20450,VILLAGE OF DORCHESTER - MULTIPLE COUNTIES,WI,20,20,20,0
20475,TOWN OF DOTY - OCONTO COUNTY,WI,26,26,26,0
20525,TOWN OF DOUGLAS - MARQUETTE COUNTY,WI,36,36,36,0
20550,VILLAGE OF DOUSMAN - WAUKESHA COUNTY,WI,150,139,137,2
20575,TOWN OF DOVER - BUFFALO COUNTY,WI,14,14,13,1
20625,TOWN OF DOVER - RACINE COUNTY,WI,170,160,156,4
20650,TOWN OF DOVRE - BARRON COUNTY,WI,47,44,44,0
20675,VILLAGE OF DOWNING - DUNN COUNTY,WI,7,6,6,0
20750,TOWN OF DOYLE - BARRON COUNTY,WI,17,15,14,1
20775,VILLAGE OF DOYLESTOWN - COLUMBIA COUNTY,WI,6,5,5,0
20800,TOWN OF DRAMMEN - EAU CLAIRE COUNTY,WI,32,31,31,0
20825,TOWN OF DRAPER - SAWYER COUNTY,WI,30,27,27,0
20850,VILLAGE OF DRESSER - POLK COUNTY,WI,31,31,31,0
20887,TOWN OF DRUMMOND - BAYFIELD COUNTY,WI,64,59,59,0
21000,TOWN OF DUNBAR - MARINETTE COUNTY,WI,42,39,39,0
21100,TOWN OF DUNKIRK - DANE COUNTY,WI,140,129,129,0
21125,TOWN OF DUNN - DANE COUNTY,WI,576,534,533,1
21150,TOWN OF DUNN - DUNN COUNTY,WI,94,94,94,0
21200,TOWN OF DUPONT - WAUPACA COUNTY,WI,21,19,19,0
21225,CITY OF DURAND - PEPIN COUNTY,WI,71,66,65,1
21250,TOWN OF DURAND - PEPIN COUNTY,WI,28,24,20,4
21400,TOWN OF EAGLE - RICHLAND COUNTY,WI,15,14,14,0
21425,VILLAGE OF EAGLE - WAUKESHA COUNTY,WI,77,70,70,0
21450,TOWN OF EAGLE - WAUKESHA COUNTY,WI,305,264,261,3
21600,TOWN OF EAGLE POINT - CHIPPEWA COUNTY,WI,387,346,340,6
21625,CITY OF EAGLE RIVER - VILAS COUNTY,WI,133,122,119,3
21900,VILLAGE OF EASTMAN - CRAWFORD COUNTY,WI,5,5,5,0
21925,TOWN OF EASTMAN - CRAWFORD COUNTY,WI,36,35,33,2
22000,TOWN OF EASTON - ADAMS COUNTY,WI,45,43,42,1
22025,TOWN OF EASTON - MARATHON COUNTY,WI,56,52,52,0
22100,VILLAGE OF EAST TROY - WALWORTH COUNTY,WI,305,289,289,0
22125,TOWN OF EAST TROY - WALWORTH COUNTY,WI,310,289,288,1
22225,TOWN OF EATON - BROWN COUNTY,WI,75,71,71,0
22250,TOWN OF EATON - CLARK COUNTY,WI,27,24,24,0
22275,TOWN OF EATON - MANITOWOC COUNTY,WI,50,43,43,0
22300,CITY OF EAU CLAIRE - MULTIPLE COUNTIES,WI,5169,4722,4687,35
22375,TOWN OF EAU GALLE - DUNN COUNTY,WI,35,24,22,2
22400,TOWN OF EAU GALLE - ST. CROIX COUNTY,WI,50,48,46,2
22425,TOWN OF EAU PLEINE - MARATHON COUNTY,WI,26,26,26,0
22450,TOWN OF EAU PLEINE - PORTAGE COUNTY,WI,56,55,55,0
22475,VILLAGE OF EDEN - FOND DU LAC COUNTY,WI,30,27,27,0
22500,TOWN OF EDEN - FOND DU LAC COUNTY,WI,44,37,37,0
22525,TOWN OF EDEN - IOWA COUNTY,WI,19,19,19,0
22550,VILLAGE OF EDGAR - MARATHON COUNTY,WI,105,99,97,2
22575,CITY OF EDGERTON - MULTIPLE COUNTIES,WI,421,384,382,2
22625,TOWN OF EDGEWATER - SAWYER COUNTY,WI,57,55,55,0
22750,TOWN OF EDSON - CHIPPEWA COUNTY,WI,20,19,19,0
22850,VILLAGE OF EGG HARBOR - DOOR COUNTY,WI,47,46,46,0
22875,TOWN OF EGG HARBOR - DOOR COUNTY,WI,152,140,138,2
22925,TOWN OF EILEEN - BAYFIELD COUNTY,WI,46,36,35,1
22950,TOWN OF EISENSTEIN - PRICE COUNTY,WI,38,36,36,0
22975,VILLAGE OF ELAND - SHAWANO COUNTY,WI,9,8,8,0
23000,TOWN OF ELBA - DODGE COUNTY,WI,65,61,55,6
23050,TOWN OF ELCHO - LANGLADE COUNTY,WI,94,89,89,0
23075,VILLAGE OF ELDERON - MARATHON COUNTY,WI,2,2,2,0
23100,TOWN OF ELDERON - MARATHON COUNTY,WI,20,18,18,0
23150,TOWN OF ELDORADO - FOND DU LAC COUNTY,WI,85,77,77,0
23175,VILLAGE OF ELEVA - TREMPEALEAU COUNTY,WI,39,36,36,0
23200,TOWN OF ELK - PRICE COUNTY,WI,100,89,88,1
23262,TOWN OF ELK GROVE - LAFAYETTE COUNTY,WI,13,9,9,0
23275,VILLAGE OF ELKHART LAKE - SHEBOYGAN COUNTY,WI,89,82,82,0
23300,CITY OF ELKHORN - WALWORTH COUNTY,WI,721,591,580,11
23325,VILLAGE OF ELK MOUND - DUNN COUNTY,WI,32,24,24,0
23350,TOWN OF ELK MOUND - DUNN COUNTY,WI,96,85,85,0
23400,TOWN OF ELLENBORO - GRANT COUNTY,WI,22,20,19,1
23425,TOWN OF ELLINGTON - OUTAGAMIE COUNTY,WI,211,175,175,0
23525,VILLAGE OF ELLSWORTH - PIERCE COUNTY,WI,178,158,155,3
23550,TOWN OF ELLSWORTH - PIERCE COUNTY,WI,67,64,64,0
23575,VILLAGE OF ELM GROVE - WAUKESHA COUNTY,WI,756,679,663,16
23700,VILLAGE OF ELMWOOD - PIERCE COUNTY,WI,27,24,23,1
23725,VILLAGE OF ELMWOOD PARK - RACINE COUNTY,WI,38,24,24,0
23775,TOWN OF EL PASO - PIERCE COUNTY,WI,21,17,17,0
23800,CITY OF ELROY - JUNEAU COUNTY,WI,50,47,47,0
23850,VILLAGE OF EMBARRASS - WAUPACA COUNTY,WI,5,3,3,0
23925,TOWN OF EMERALD - ST. CROIX COUNTY,WI,19,16,16,0
23975,TOWN OF EMERY - PRICE COUNTY,WI,22,21,21,0
24000,TOWN OF EMMET - DODGE COUNTY,WI,72,66,65,1
24025,TOWN OF EMMET - MARATHON COUNTY,WI,51,49,49,0
24050,TOWN OF EMPIRE - FOND DU LAC COUNTY,WI,262,243,243,0
24075,VILLAGE OF ENDEAVOR - MARQUETTE COUNTY,WI,8,8,8,0
24125,TOWN OF ENTERPRISE - ONEIDA COUNTY,WI,20,17,15,2
24150,VILLAGE OF EPHRAIM - DOOR COUNTY,WI,51,45,43,2
24225,TOWN OF ERIN - WASHINGTON COUNTY,WI,300,280,273,7
24275,TOWN OF ERIN PRAIRIE - ST. CROIX COUNTY,WI,20,18,18,0
24375,TOWN OF ESTELLA - CHIPPEWA COUNTY,WI,16,16,16,0
24400,VILLAGE OF ETTRICK - TREMPEALEAU COUNTY,WI,11,10,10,0
24425,TOWN OF ETTRICK - TREMPEALEAU COUNTY,WI,56,51,51,0
24450,TOWN OF EUREKA - POLK COUNTY,WI,65,61,61,0
24550,CITY OF EVANSVILLE - ROCK COUNTY,WI,495,459,458,1
24575,TOWN OF EVERGREEN - LANGLADE COUNTY,WI,23,19,19,0
24600,TOWN OF EVERGREEN - WASHBURN COUNTY,WI,62,54,54,0
24675,TOWN OF EXCELSIOR - SAUK COUNTY,WI,127,120,120,0
24700,VILLAGE OF EXELAND - SAWYER COUNTY,WI,8,8,8,0
24725,TOWN OF EXETER - GREEN COUNTY,WI,173,154,154,0
24775,TOWN OF FAIRBANKS - SHAWANO COUNTY,WI,17,14,13,1
24825,VILLAGE OF FAIRCHILD - EAU CLAIRE COUNTY,WI,14,13,13,0
24850,TOWN OF FAIRCHILD - EAU CLAIRE COUNTY,WI,5,5,5,0
24900,TOWN OF FAIRFIELD - SAUK COUNTY,WI,81,76,73,3
25075,VILLAGE OF FAIRWATER - FOND DU LAC COUNTY,WI,11,9,9,0
25125,VILLAGE OF FALL CREEK - EAU CLAIRE COUNTY,WI,70,57,56,1
25150,VILLAGE OF FALL RIVER - COLUMBIA COUNTY,WI,93,82,82,0
25300,TOWN OF FARMINGTON - JEFFERSON COUNTY,WI,84,79,77,2
25325,TOWN OF FARMINGTON - LA CROSSE COUNTY,WI,133,123,123,0
25350,TOWN OF FARMINGTON - POLK COUNTY,WI,83,70,70,0
25375,TOWN OF FARMINGTON - WASHINGTON COUNTY,WI,262,245,242,3
25400,TOWN OF FARMINGTON - WAUPACA COUNTY,WI,358,297,295,2
25475,TOWN OF FAYETTE - LAFAYETTE COUNTY,WI,16,15,15,0
25575,TOWN OF FENCE - FLORENCE COUNTY,WI,0,0,0,0
25600,CITY OF FENNIMORE - GRANT COUNTY,WI,220,193,193,0
25625,TOWN OF FENNIMORE - GRANT COUNTY,WI,27,24,24,0
25650,VILLAGE OF FENWOOD - MARATHON COUNTY,WI,11,10,10,0
25675,TOWN OF FERN - FLORENCE COUNTY,WI,27,22,22,0
25725,VILLAGE OF FERRYVILLE - CRAWFORD COUNTY,WI,17,17,17,0
25775,TOWN OF FIFIELD - PRICE COUNTY,WI,76,73,71,2
25850,TOWN OF FINLEY - JUNEAU COUNTY,WI,0,0,0,0
25950,CITY OF FITCHBURG - DANE COUNTY,WI,4165,3794,3773,21
26050,TOWN OF FLAMBEAU - PRICE COUNTY,WI,48,44,43,1
26100,TOWN OF FLAMBEAU - RUSK COUNTY,WI,41,40,40,0
26200,TOWN OF FLORENCE - FLORENCE COUNTY,WI,174,164,164,0
26275,CITY OF FOND DU LAC - FOND DU LAC COUNTY,WI,3063,2730,2696,34
26300,TOWN OF FOND DU LAC - FOND DU LAC COUNTY,WI,374,335,335,0
26350,VILLAGE OF FONTANA - WALWORTH COUNTY,WI,202,169,164,5
26400,VILLAGE OF FOOTVILLE - ROCK COUNTY,WI,31,29,29,0
26425,TOWN OF FORD - TAYLOR COUNTY,WI,0,0,0,0
26450,TOWN OF FOREST - FOND DU LAC COUNTY,WI,36,34,32,2
26475,TOWN OF FOREST - RICHLAND COUNTY,WI,26,26,25,1
26525,TOWN OF FOREST - ST. CROIX COUNTY,WI,17,15,15,0
26550,TOWN OF FOREST - VERNON COUNTY,WI,14,13,13,0
26625,VILLAGE OF FORESTVILLE - DOOR COUNTY,WI,15,15,15,0
26650,TOWN OF FORESTVILLE - DOOR COUNTY,WI,60,57,55,2
26675,CITY OF FORT ATKINSON - JEFFERSON COUNTY,WI,977,901,896,5
26725,TOWN OF FORT WINNEBAGO - COLUMBIA COUNTY,WI,64,61,60,1
26775,TOWN OF FOSTER - CLARK COUNTY,WI,11,11,11,0
26825,TOWN OF FOUNTAIN - JUNEAU COUNTY,WI,30,30,30,0
26850,CITY OF FOUNTAIN CITY - BUFFALO COUNTY,WI,33,31,31,0
26875,TOWN OF FOUNTAIN PRAIRIE - COLUMBIA COUNTY,WI,43,37,37,0
26982,VILLAGE OF FOX CROSSING - MULTIPLE COUNTIES,WI,1680,1554,1539,15
27000,CITY OF FOX LAKE - DODGE COUNTY,WI,76,71,70,1
27025,TOWN OF FOX LAKE - DODGE COUNTY,WI,60,53,50,3
27075,VILLAGE OF FOX POINT - MILWAUKEE COUNTY,WI,1236,1081,1063,18
27125,VILLAGE OF FRANCIS CREEK - MANITOWOC COUNTY,WI,30,29,29,0
27150,TOWN OF FRANKFORT - MARATHON COUNTY,WI,15,14,14,0
27175,TOWN OF FRANKFORT - PEPIN COUNTY,WI,16,15,15,0
27225,TOWN OF FRANKLIN - JACKSON COUNTY,WI,16,16,16,0
27250,TOWN OF FRANKLIN - KEWAUNEE COUNTY,WI,41,39,39,0
27275,TOWN OF FRANKLIN - MANITOWOC COUNTY,WI,58,52,52,0
27300,CITY OF FRANKLIN - MILWAUKEE COUNTY,WI,4306,3878,3832,46
27350,TOWN OF FRANKLIN - SAUK COUNTY,WI,42,39,39,0
27400,TOWN OF FRANKLIN - VERNON COUNTY,WI,48,44,44,0
27450,TOWN OF FRANZEN - MARATHON COUNTY,WI,36,33,33,0
27500,VILLAGE OF FREDERIC - POLK COUNTY,WI,38,32,32,0
27550,VILLAGE OF FREDONIA - OZAUKEE COUNTY,WI,68,54,53,1
27575,TOWN OF FREDONIA - OZAUKEE COUNTY,WI,92,77,77,0
27600,TOWN OF FREEDOM - FOREST COUNTY,WI,32,32,32,0
27650,TOWN OF FREEDOM - OUTAGAMIE COUNTY,WI,452,398,391,7
27675,TOWN OF FREEDOM - SAUK COUNTY,WI,31,28,28,0
27700,TOWN OF FREEMAN - CRAWFORD COUNTY,WI,70,67,67,0
27775,TOWN OF FREMONT - CLARK COUNTY,WI,31,27,27,0
27800,VILLAGE OF FREMONT - WAUPACA COUNTY,WI,34,28,26,2
27850,TOWN OF FREMONT - WAUPACA COUNTY,WI,39,38,38,0
27950,VILLAGE OF FRIENDSHIP - ADAMS COUNTY,WI,24,22,22,0
27975,TOWN OF FRIENDSHIP - FOND DU LAC COUNTY,WI,193,183,177,6
28000,VILLAGE OF FRIESLAND - COLUMBIA COUNTY,WI,12,12,12,0
28025,TOWN OF FROG CREEK - WASHBURN COUNTY,WI,7,6,6,0
28075,TOWN OF FULTON - ROCK COUNTY,WI,307,284,281,3
28150,TOWN OF GALE - TREMPEALEAU COUNTY,WI,90,79,79,0
28200,CITY OF GALESVILLE - TREMPEALEAU COUNTY,WI,86,78,77,1
28250,TOWN OF GARDEN VALLEY - JACKSON COUNTY,WI,14,14,14,0
28300,TOWN OF GARDNER - DOOR COUNTY,WI,113,109,107,2
28325,TOWN OF GARFIELD - JACKSON COUNTY,WI,39,35,35,0
28350,TOWN OF GARFIELD - POLK COUNTY,WI,104,96,96,0
28450,VILLAGE OF GAYS MILLS - CRAWFORD COUNTY,WI,34,32,32,0
28487,TOWN OF GENESEE - WAUKESHA COUNTY,WI,650,605,604,1
28550,TOWN OF GENEVA - WALWORTH COUNTY,WI,502,456,452,4
28625,VILLAGE OF GENOA - VERNON COUNTY,WI,12,10,10,0
28650,TOWN OF GENOA - VERNON COUNTY,WI,39,39,39,0
28675,VILLAGE OF GENOA CITY - MULTIPLE COUNTIES,WI,104,88,84,4
28725,TOWN OF GEORGETOWN - POLK COUNTY,WI,51,51,51,0
28750,TOWN OF GEORGETOWN - PRICE COUNTY,WI,9,9,9,0
28825,TOWN OF GERMANIA - SHAWANO COUNTY,WI,7,5,5,0
28850,TOWN OF GERMANTOWN - JUNEAU COUNTY,WI,104,99,99,0
28875,VILLAGE OF GERMANTOWN - WASHINGTON COUNTY,WI,1893,1716,1712,4
28900,TOWN OF GERMANTOWN - WASHINGTON COUNTY,WI,24,0,0,0
28950,TOWN OF GIBRALTAR - DOOR COUNTY,WI,160,148,144,4
28975,TOWN OF GIBSON - MANITOWOC COUNTY,WI,77,75,75,0
29050,CITY OF GILLETT - OCONTO COUNTY,WI,67,64,64,0
29075,TOWN OF GILLETT - OCONTO COUNTY,WI,31,30,30,0
29150,TOWN OF GILMAN - PIERCE COUNTY,WI,60,54,54,0
29175,VILLAGE OF GILMAN - TAYLOR COUNTY,WI,4,4,4,0
29225,TOWN OF GILMANTON - BUFFALO COUNTY,WI,12,11,11,0
29250,TOWN OF GINGLES - ASHLAND COUNTY,WI,72,60,60,0
29350,VILLAGE OF GLENBEULAH - SHEBOYGAN COUNTY,WI,16,15,15,0
29375,TOWN OF GLENCOE - BUFFALO COUNTY,WI,6,5,5,0
29400,CITY OF GLENDALE - MILWAUKEE COUNTY,WI,2219,2013,1970,43
29450,TOWN OF GLENDALE - MONROE COUNTY,WI,36,32,32,0
29475,VILLAGE OF GLEN FLORA - RUSK COUNTY,WI,8,8,8,0
29525,TOWN OF GLEN HAVEN - GRANT COUNTY,WI,6,6,6,0
29550,TOWN OF GLENMORE - BROWN COUNTY,WI,67,62,62,0
29600,TOWN OF GLENWOOD - ST. CROIX COUNTY,WI,23,20,20,0
29625,CITY OF GLENWOOD CITY - ST. CROIX COUNTY,WI,33,30,30,0
29700,TOWN OF GOETZ - CHIPPEWA COUNTY,WI,31,27,27,0
29775,TOWN OF GOODMAN - MARINETTE COUNTY,WI,33,30,30,0
29837,TOWN OF GOODRICH - TAYLOR COUNTY,WI,18,18,18,0
29875,TOWN OF GORDON - ASHLAND COUNTY,WI,21,18,15,3
29925,TOWN OF GORDON - DOUGLAS COUNTY,WI,53,46,46,0
30000,VILLAGE OF GRAFTON - OZAUKEE COUNTY,WI,1169,1094,1074,20
30025,TOWN OF GRAFTON - OZAUKEE COUNTY,WI,457,427,422,5
30075,TOWN OF GRAND CHUTE - OUTAGAMIE COUNTY,WI,2592,2355,2341,14
30125,TOWN OF GRAND RAPIDS - WOOD COUNTY,WI,668,629,623,6
30175,TOWN OF GRAND VIEW - BAYFIELD COUNTY,WI,46,43,42,1
30275,TOWN OF GRANT - CLARK COUNTY,WI,22,22,22,0
30300,TOWN OF GRANT - DUNN COUNTY,WI,18,16,16,0
30325,TOWN OF GRANT - MONROE COUNTY,WI,12,10,10,0
30350,TOWN OF GRANT - PORTAGE COUNTY,WI,159,139,139,0
30375,TOWN OF GRANT - RUSK COUNTY,WI,38,28,28,0
30400,TOWN OF GRANT - SHAWANO COUNTY,WI,17,17,17,0
30425,VILLAGE OF GRANTON - CLARK COUNTY,WI,12,12,12,0
30450,VILLAGE OF GRANTSBURG - BURNETT COUNTY,WI,64,54,53,1
30475,TOWN OF GRANTSBURG - BURNETT COUNTY,WI,49,47,46,1
30575,VILLAGE OF GRATIOT - LAFAYETTE COUNTY,WI,7,7,7,0
30600,TOWN OF GRATIOT - LAFAYETTE COUNTY,WI,23,23,23,0
31000,CITY OF GREEN BAY - BROWN COUNTY,WI,8568,7797,7755,42
31025,TOWN OF GREEN BAY - BROWN COUNTY,WI,136,128,128,0
31100,TOWN OF GREENBUSH - SHEBOYGAN COUNTY,WI,127,116,116,0
31125,VILLAGE OF GREENDALE - MILWAUKEE COUNTY,WI,1474,1352,1348,4
31150,TOWN OF GREENFIELD - LA CROSSE COUNTY,WI,190,176,173,3
31175,CITY OF GREENFIELD - MILWAUKEE COUNTY,WI,3466,3120,3101,19
31225,TOWN OF GREENFIELD - MONROE COUNTY,WI,26,23,23,0
31250,TOWN OF GREENFIELD - SAUK COUNTY,WI,65,61,61,0
31275,TOWN OF GREEN GROVE - CLARK COUNTY,WI,13,12,12,0
31300,CITY OF GREEN LAKE - GREEN LAKE COUNTY,WI,66,59,59,0
31350,TOWN OF GREEN LAKE - GREEN LAKE COUNTY,WI,104,100,100,0
31450,TOWN OF GREEN VALLEY - MARATHON COUNTY,WI,24,24,23,1
31500,TOWN OF GREEN VALLEY - SHAWANO COUNTY,WI,56,51,51,0
31550,TOWN OF GREENVILLE - OUTAGAMIE COUNTY,WI,0,0,0,0
31550,VILLAGE OF GREENVILLE - OUTAGAMIE COUNTY,WI,1100,995,977,18
31575,CITY OF GREENWOOD - CLARK COUNTY,WI,42,37,37,0
31600,TOWN OF GREENWOOD - TAYLOR COUNTY,WI,11,11,11,0
31625,TOWN OF GREENWOOD - VERNON COUNTY,WI,13,13,13,0
31675,VILLAGE OF GRESHAM - SHAWANO COUNTY,WI,29,27,27,0
31725,TOWN OF GROVER - MARINETTE COUNTY,WI,115,110,110,0
31750,TOWN OF GROVER - TAYLOR COUNTY,WI,17,17,17,0
31775,TOWN OF GROW - RUSK COUNTY,WI,13,11,11,0
31800,TOWN OF GUENTHER - MARATHON COUNTY,WI,10,9,9,0
31825,TOWN OF GULL LAKE - WASHBURN COUNTY,WI,19,16,16,0
31875,TOWN OF GURNEY - IRON COUNTY,WI,10,10,10,0
31925,TOWN OF HACKETT - PRICE COUNTY,WI,12,12,12,0
32050,TOWN OF HALE - TREMPEALEAU COUNTY,WI,78,78,78,0
32075,VILLAGE OF HALES CORNERS - MILWAUKEE COUNTY,WI,743,645,638,7
32125,TOWN OF HALLIE - CHIPPEWA COUNTY,WI,18,16,16,0
32150,TOWN OF HALSEY - MARATHON COUNTY,WI,30,30,30,0
32200,TOWN OF HAMBURG - MARATHON COUNTY,WI,18,18,18,0
32225,TOWN OF HAMBURG - VERNON COUNTY,WI,58,54,54,0
32275,TOWN OF HAMILTON - LA CROSSE COUNTY,WI,168,156,156,0
32300,TOWN OF HAMMEL - TAYLOR COUNTY,WI,37,36,35,1
32325,VILLAGE OF HAMMOND - ST. CROIX COUNTY,WI,111,102,102,0
32350,TOWN OF HAMMOND - ST. CROIX COUNTY,WI,115,106,106,0
32375,TOWN OF HAMPDEN - COLUMBIA COUNTY,WI,25,22,21,1
32450,VILLAGE OF HANCOCK - WAUSHARA COUNTY,WI,14,13,13,0
32475,TOWN OF HANCOCK - WAUSHARA COUNTY,WI,31,31,31,0
32500,TOWN OF HANEY - CRAWFORD COUNTY,WI,16,16,16,0
32575,TOWN OF HANSEN - WOOD COUNTY,WI,31,31,31,0
32650,TOWN OF HARDING - LINCOLN COUNTY,WI,17,17,17,0
32675,TOWN OF HARMONY - PRICE COUNTY,WI,15,14,12,2
32700,TOWN OF HARMONY - ROCK COUNTY,WI,335,313,313,0
32725,TOWN OF HARMONY - VERNON COUNTY,WI,50,47,47,0
32775,TOWN OF HARRIS - MARQUETTE COUNTY,WI,54,53,53,0
32790,VILLAGE OF HARRISON - MULTIPLE COUNTIES,WI,1333,1232,1224,8
32825,TOWN OF HARRISON - GRANT COUNTY,WI,40,39,39,0
32875,TOWN OF HARRISON - LINCOLN COUNTY,WI,51,49,49,0
32900,TOWN OF HARRISON - MARATHON COUNTY,WI,6,6,6,0
32925,TOWN OF HARRISON - WAUPACA COUNTY,WI,19,15,15,0
33000,CITY OF HARTFORD - MULTIPLE COUNTIES,WI,1146,1068,1050,18
33025,TOWN OF HARTFORD - WASHINGTON COUNTY,WI,255,245,243,2
33050,TOWN OF HARTLAND - PIERCE COUNTY,WI,32,28,28,0
33075,TOWN OF HARTLAND - SHAWANO COUNTY,WI,33,32,32,0
33100,VILLAGE OF HARTLAND - WAUKESHA COUNTY,WI,824,750,740,10
33175,VILLAGE OF HATLEY - MARATHON COUNTY,WI,15,13,13,0
33225,VILLAGE OF HAUGEN - BARRON COUNTY,WI,11,10,9,1
33275,VILLAGE OF HAWKINS - RUSK COUNTY,WI,14,9,9,0
33300,TOWN OF HAWKINS - RUSK COUNTY,WI,14,10,9,1
33350,TOWN OF HAWTHORNE - DOUGLAS COUNTY,WI,65,50,50,0
33400,TOWN OF HAY RIVER - DUNN COUNTY,WI,30,29,28,1
33450,CITY OF HAYWARD - SAWYER COUNTY,WI,154,148,145,3
33475,TOWN OF HAYWARD - SAWYER COUNTY,WI,317,289,289,0
33500,VILLAGE OF HAZEL GREEN - MULTIPLE COUNTIES,WI,58,52,52,0
33525,TOWN OF HAZEL GREEN - GRANT COUNTY,WI,76,68,68,0
33575,TOWN OF HAZELHURST - ONEIDA COUNTY,WI,131,112,112,0
33700,TOWN OF HEBRON - JEFFERSON COUNTY,WI,52,46,46,0
33850,TOWN OF HELVETIA - WAUPACA COUNTY,WI,27,26,26,0
33900,TOWN OF HENDREN - CLARK COUNTY,WI,17,17,17,0
33925,TOWN OF HENRIETTA - RICHLAND COUNTY,WI,21,21,19,2
34000,TOWN OF HERMAN - DODGE COUNTY,WI,48,44,44,0
34025,TOWN OF HERMAN - SHAWANO COUNTY,WI,27,26,25,1
34050,TOWN OF HERMAN - SHEBOYGAN COUNTY,WI,96,87,87,0
34200,TOWN OF HEWETT - CLARK COUNTY,WI,16,15,15,0
34225,TOWN OF HEWITT - MARATHON COUNTY,WI,15,13,13,0
34250,VILLAGE OF HEWITT - WOOD COUNTY,WI,53,47,45,2
34300,TOWN OF HICKORY GROVE - GRANT COUNTY,WI,7,6,6,0
34425,TOWN OF HIGHLAND - DOUGLAS COUNTY,WI,20,18,18,0
34450,VILLAGE OF HIGHLAND - IOWA COUNTY,WI,39,35,35,0
34475,TOWN OF HIGHLAND - IOWA COUNTY,WI,25,23,23,0
34575,VILLAGE OF HILBERT - CALUMET COUNTY,WI,44,33,32,1
34650,TOWN OF HILES - FOREST COUNTY,WI,64,54,54,0
34675,TOWN OF HILES - WOOD COUNTY,WI,10,10,10,0
34725,TOWN OF HILL - PRICE COUNTY,WI,21,17,17,0
34825,CITY OF HILLSBORO - VERNON COUNTY,WI,71,65,65,0
34850,TOWN OF HILLSBORO - VERNON COUNTY,WI,32,29,28,1
35050,TOWN OF HIXON - CLARK COUNTY,WI,18,17,17,0
35075,VILLAGE OF HIXTON - JACKSON COUNTY,WI,16,15,15,0
35100,TOWN OF HIXTON - JACKSON COUNTY,WI,37,37,36,1
35125,TOWN OF HOARD - CLARK COUNTY,WI,54,45,43,2
35150,VILLAGE OF HOBART - BROWN COUNTY,WI,1196,1090,1064,26
35325,TOWN OF HOLLAND - BROWN COUNTY,WI,124,111,110,1
35350,TOWN OF HOLLAND - LA CROSSE COUNTY,WI,344,317,314,3
35375,TOWN OF HOLLAND - SHEBOYGAN COUNTY,WI,151,144,144,0
35400,VILLAGE OF HOLLANDALE - IOWA COUNTY,WI,19,18,17,1
35450,VILLAGE OF HOLMEN - LA CROSSE COUNTY,WI,1014,937,933,4
35500,TOWN OF HOLTON - MARATHON COUNTY,WI,40,33,33,0
35525,TOWN OF HOLWAY - TAYLOR COUNTY,WI,16,16,16,0
35600,TOWN OF HOMESTEAD - FLORENCE COUNTY,WI,39,35,35,0
35625,TOWN OF HONEY CREEK - SAUK COUNTY,WI,30,29,29,0
35750,CITY OF HORICON - DODGE COUNTY,WI,200,191,190,1
35825,TOWN OF HORTONIA - OUTAGAMIE COUNTY,WI,74,59,59,0
35850,VILLAGE OF HORTONVILLE - OUTAGAMIE COUNTY,WI,151,136,130,6
35925,TOWN OF HOW - OCONTO COUNTY,WI,16,13,13,0
35950,VILLAGE OF HOWARD - MULTIPLE COUNTIES,WI,2014,1895,1890,5
36000,TOWN OF HOWARD - CHIPPEWA COUNTY,WI,22,21,21,0
36025,VILLAGE OF HOWARDS GROVE - SHEBOYGAN COUNTY,WI,208,186,186,0
36100,TOWN OF HUBBARD - DODGE COUNTY,WI,120,110,108,2
36125,TOWN OF HUBBARD - RUSK COUNTY,WI,9,6,6,0
36250,CITY OF HUDSON - ST. CROIX COUNTY,WI,1704,1606,1581,25
36275,TOWN OF HUDSON - ST. CROIX COUNTY,WI,1030,957,951,6
36300,TOWN OF HUGHES - BAYFIELD COUNTY,WI,66,58,58,0
36325,TOWN OF HULL - MARATHON COUNTY,WI,12,11,11,0
36350,TOWN OF HULL - PORTAGE COUNTY,WI,475,441,438,3
36425,TOWN OF HUMBOLDT - BROWN COUNTY,WI,52,45,45,0
36450,TOWN OF HUNTER - SAWYER COUNTY,WI,64,57,57,0
36525,CITY OF HURLEY - IRON COUNTY,WI,143,131,130,1
36625,VILLAGE OF HUSTISFORD - DODGE COUNTY,WI,43,36,36,0
36650,TOWN OF HUSTISFORD - DODGE COUNTY,WI,65,57,55,2
36675,VILLAGE OF HUSTLER - JUNEAU COUNTY,WI,6,6,6,0
36700,TOWN OF HUTCHINS - SHAWANO COUNTY,WI,15,15,15,0
36800,CITY OF INDEPENDENCE - TREMPEALEAU COUNTY,WI,54,48,48,0
36925,VILLAGE OF INGRAM - RUSK COUNTY,WI,1,1,1,0
37025,VILLAGE OF IOLA - WAUPACA COUNTY,WI,63,56,56,0
37050,TOWN OF IOLA - WAUPACA COUNTY,WI,66,64,64,0
37150,VILLAGE OF IRON RIDGE - DODGE COUNTY,WI,25,21,21,0
37200,TOWN OF IRON RIVER - BAYFIELD COUNTY,WI,140,121,121,0
37225,VILLAGE OF IRONTON - SAUK COUNTY,WI,4,4,4,0
37250,TOWN OF IRONTON - SAUK COUNTY,WI,15,15,15,0
37275,TOWN OF IRVING - JACKSON COUNTY,WI,39,33,33,0
37350,TOWN OF ISABELLE - PIERCE COUNTY,WI,10,8,8,0
37500,TOWN OF ITHACA - RICHLAND COUNTY,WI,26,24,24,0
37600,TOWN OF IXONIA - JEFFERSON COUNTY,WI,271,254,244,10
37625,TOWN OF JACKSON - ADAMS COUNTY,WI,105,94,94,0
37650,TOWN OF JACKSON - BURNETT COUNTY,WI,88,75,74,1
37675,VILLAGE OF JACKSON - WASHINGTON COUNTY,WI,473,442,433,9
37700,TOWN OF JACKSON - WASHINGTON COUNTY,WI,326,305,299,6
37750,TOWN OF JACKSONPORT - DOOR COUNTY,WI,114,107,104,3
37775,TOWN OF JACOBS - ASHLAND COUNTY,WI,11,9,9,0
37800,TOWN OF JAMESTOWN - GRANT COUNTY,WI,153,139,125,14
37825,CITY OF JANESVILLE - ROCK COUNTY,WI,6510,5957,5883,74
37850,TOWN OF JANESVILLE - ROCK COUNTY,WI,447,411,410,1
37875,TOWN OF JEFFERSON - GREEN COUNTY,WI,36,35,34,1
37900,CITY OF JEFFERSON - JEFFERSON COUNTY,WI,540,468,457,11
37925,TOWN OF JEFFERSON - JEFFERSON COUNTY,WI,93,89,88,1
37950,TOWN OF JEFFERSON - MONROE COUNTY,WI,33,31,31,0
37975,TOWN OF JEFFERSON - VERNON COUNTY,WI,63,60,58,2
38300,TOWN OF JOHNSON - MARATHON COUNTY,WI,12,12,12,0
38350,VILLAGE OF JOHNSON CREEK - JEFFERSON COUNTY,WI,199,177,173,4
38400,TOWN OF JOHNSTOWN - POLK COUNTY,WI,16,15,12,3
38450,TOWN OF JOHNSTOWN - ROCK COUNTY,WI,25,22,22,0
38550,TOWN OF JORDAN - GREEN COUNTY,WI,36,30,30,0
38627,TOWN OF JUMP RIVER - TAYLOR COUNTY,WI,17,17,17,0
38650,VILLAGE OF JUNCTION CITY - PORTAGE COUNTY,WI,12,11,11,0
38675,CITY OF JUNEAU - DODGE COUNTY,WI,50,47,45,2
38800,CITY OF KAUKAUNA - MULTIPLE COUNTIES,WI,1284,1194,1188,6
38825,TOWN OF KAUKAUNA - OUTAGAMIE COUNTY,WI,86,81,79,2
38900,VILLAGE OF KEKOSKEE - DODGE COUNTY,WI,32,28,28,0
39000,VILLAGE OF KELLNERSVILLE - MANITOWOC COUNTY,WI,15,12,12,0
39025,TOWN OF KELLY - BAYFIELD COUNTY,WI,25,24,24,0
39125,TOWN OF KENDALL - LAFAYETTE COUNTY,WI,13,12,12,0
39150,VILLAGE OF KENDALL - MONROE COUNTY,WI,20,19,19,0
39175,VILLAGE OF KENNAN - PRICE COUNTY,WI,3,3,3,0
39200,TOWN OF KENNAN - PRICE COUNTY,WI,13,11,11,0
39225,CITY OF KENOSHA - KENOSHA COUNTY,WI,8137,7199,7179,20
39300,VILLAGE OF KEWASKUM - MULTIPLE COUNTIES,WI,238,193,191,2
39325,TOWN OF KEWASKUM - WASHINGTON COUNTY,WI,72,58,58,0
39350,CITY OF KEWAUNEE - KEWAUNEE COUNTY,WI,208,188,187,1
39425,TOWN OF KEYSTONE - BAYFIELD COUNTY,WI,27,25,25,0
39475,TOWN OF KICKAPOO - VERNON COUNTY,WI,31,27,27,0
39525,CITY OF KIEL - MULTIPLE COUNTIES,WI,231,218,218,0
39575,TOWN OF KILDARE - JUNEAU COUNTY,WI,29,23,23,0
39625,TOWN OF KIMBALL - IRON COUNTY,WI,30,26,26,0
39650,VILLAGE OF KIMBERLY - OUTAGAMIE COUNTY,WI,580,526,518,8
39675,TOWN OF KING - LINCOLN COUNTY,WI,95,91,91,0
39750,VILLAGE OF KINGSTON - GREEN LAKE COUNTY,WI,6,6,5,1
39775,TOWN OF KINGSTON - GREEN LAKE COUNTY,WI,18,17,17,0
39800,TOWN OF KINGSTON - JUNEAU COUNTY,WI,1,1,1,0
39825,TOWN OF KINNICKINNIC - ST. CROIX COUNTY,WI,118,113,112,1
39975,VILLAGE OF KNAPP - DUNN COUNTY,WI,20,16,16,0
40000,TOWN OF KNAPP - JACKSON COUNTY,WI,6,5,5,0
40075,TOWN OF KNIGHT - IRON COUNTY,WI,14,13,12,1
40150,TOWN OF KNOWLTON - MARATHON COUNTY,WI,119,112,112,0
40175,TOWN OF KNOX - PRICE COUNTY,WI,13,13,13,0
40275,VILLAGE OF KOHLER - SHEBOYGAN COUNTY,WI,172,151,148,3
40325,TOWN OF KOMENSKY - JACKSON COUNTY,WI,4,4,4,0
40375,TOWN OF KOSHKONONG - JEFFERSON COUNTY,WI,262,242,242,0
40425,TOWN OF KOSSUTH - MANITOWOC COUNTY,WI,107,99,96,3
40550,VILLAGE OF KRONENWETTER - MARATHON COUNTY,WI,672,625,608,17
40687,TOWN OF LAC DU FLAMBEAU - VILAS COUNTY,WI,266,241,240,1
40750,VILLAGE OF LAC LA BELLE - MULTIPLE COUNTIES,WI,57,53,53,0
40775,CITY OF LA CROSSE - LA CROSSE COUNTY,WI,4275,3899,3826,73
40850,CITY OF LADYSMITH - RUSK COUNTY,WI,152,139,139,0
40875,VILLAGE OF LA FARGE - VERNON COUNTY,WI,23,21,21,0
40900,TOWN OF LAFAYETTE - CHIPPEWA COUNTY,WI,433,392,391,1
40925,TOWN OF LAFAYETTE - MONROE COUNTY,WI,11,9,9,0
40950,TOWN OF LAFAYETTE - WALWORTH COUNTY,WI,166,151,150,1
40975,TOWN OF LA FOLLETTE - BURNETT COUNTY,WI,23,18,18,0
41000,TOWN OF LA GRANGE - MONROE COUNTY,WI,97,91,86,5
41050,TOWN OF LA GRANGE - WALWORTH COUNTY,WI,237,224,211,13
41075,TOWN OF LAKE - MARINETTE COUNTY,WI,56,49,49,0
41150,TOWN OF LAKE - PRICE COUNTY,WI,81,76,75,1
41300,VILLAGE OF LAKE DELTON - SAUK COUNTY,WI,141,132,130,2
41450,CITY OF LAKE GENEVA - WALWORTH COUNTY,WI,777,721,716,5
41525,VILLAGE OF LAKE HALLIE - MULTIPLE COUNTIES,WI,435,402,394,8
41550,TOWN OF LAKE HOLCOMBE - CHIPPEWA COUNTY,WI,81,77,77,0
41600,TOWN OF LAKELAND - BARRON COUNTY,WI,52,42,42,0
41675,CITY OF LAKE MILLS - JEFFERSON COUNTY,WI,465,425,424,1
41700,TOWN OF LAKE MILLS - JEFFERSON COUNTY,WI,282,257,257,0
41725,VILLAGE OF LAKE NEBAGAMON - DOUGLAS COUNTY,WI,109,103,103,0
41800,TOWN OF LAKESIDE - DOUGLAS COUNTY,WI,35,32,32,0
41887,TOWN OF LAKE TOMAHAWK - ONEIDA COUNTY,WI,74,70,70,0
41900,TOWN OF LAKETOWN - POLK COUNTY,WI,50,44,44,0
42075,TOWN OF LAKEWOOD - OCONTO COUNTY,WI,70,60,57,3
42125,TOWN OF LAMARTINE - FOND DU LAC COUNTY,WI,106,96,96,0
42175,TOWN OF LAMONT - LAFAYETTE COUNTY,WI,2,2,2,0
42225,TOWN OF LANARK - PORTAGE COUNTY,WI,132,121,121,0
42250,CITY OF LANCASTER - GRANT COUNTY,WI,229,208,208,0
42325,TOWN OF LAND O-LAKES - VILAS COUNTY,WI,89,77,76,1
42425,TOWN OF LANGLADE - LANGLADE COUNTY,WI,41,35,35,0
42450,VILLAGE OF LANNON - WAUKESHA COUNTY,WI,89,85,85,0
42500,TOWN OF LAONA - FOREST COUNTY,WI,82,73,73,0
42562,TOWN OF LA POINTE - ASHLAND COUNTY,WI,48,46,46,0
42575,TOWN OF LA PRAIRIE - ROCK COUNTY,WI,37,36,35,1
42650,TOWN OF LARRABEE - WAUPACA COUNTY,WI,43,39,39,0
42825,VILLAGE OF LAVALLE - SAUK COUNTY,WI,13,11,11,0
42850,TOWN OF LA VALLE - SAUK COUNTY,WI,100,89,89,0
42900,TOWN OF LAWRENCE - BROWN COUNTY,WI,618,563,559,4
42950,TOWN OF LAWRENCE - RUSK COUNTY,WI,21,18,18,0
43050,TOWN OF LEBANON - DODGE COUNTY,WI,72,64,62,2
43075,TOWN OF LEBANON - WAUPACA COUNTY,WI,63,60,60,0
43090,TOWN OF LEDGEVIEW - BROWN COUNTY,WI,1042,971,949,22
43125,TOWN OF LEEDS - COLUMBIA COUNTY,WI,51,43,43,0
43300,TOWN OF LEMONWEIR - JUNEAU COUNTY,WI,55,55,55,0
43325,VILLAGE OF LENA - OCONTO COUNTY,WI,10,10,10,0
43350,TOWN OF LENA - OCONTO COUNTY,WI,25,21,21,0
43400,TOWN OF LENROOT - SAWYER COUNTY,WI,112,102,101,1
43425,TOWN OF LEOLA - ADAMS COUNTY,WI,9,8,8,0
43475,TOWN OF LEON - MONROE COUNTY,WI,43,41,40,1
43500,TOWN OF LEON - WAUSHARA COUNTY,WI,91,84,84,0
43650,TOWN OF LEROY - DODGE COUNTY,WI,45,40,40,0
43675,TOWN OF LESSOR - SHAWANO COUNTY,WI,55,52,52,0
43700,TOWN OF LEVIS - CLARK COUNTY,WI,14,13,13,0
43775,TOWN OF LEWISTON - COLUMBIA COUNTY,WI,86,79,78,1
43825,TOWN OF LIBERTY - GRANT COUNTY,WI,18,16,16,0
43850,TOWN OF LIBERTY - MANITOWOC COUNTY,WI,65,58,58,0
43875,TOWN OF LIBERTY - OUTAGAMIE COUNTY,WI,29,28,28,0
43900,TOWN OF LIBERTY - VERNON COUNTY,WI,27,27,27,0
43925,TOWN OF LIBERTY GROVE - DOOR COUNTY,WI,277,257,256,1
44050,TOWN OF LIMA - GRANT COUNTY,WI,35,30,30,0
44075,TOWN OF LIMA - PEPIN COUNTY,WI,25,25,24,1
44125,TOWN OF LIMA - ROCK COUNTY,WI,115,95,95,0
44150,TOWN OF LIMA - SHEBOYGAN COUNTY,WI,141,139,129,10
44225,VILLAGE OF LIME RIDGE - SAUK COUNTY,WI,6,6,6,0
44250,TOWN OF LINCOLN - ADAMS COUNTY,WI,19,18,18,0
44275,TOWN OF LINCOLN - BAYFIELD COUNTY,WI,40,39,39,0
44300,TOWN OF LINCOLN - BUFFALO COUNTY,WI,8,8,8,0
44325,TOWN OF LINCOLN - BURNETT COUNTY,WI,15,12,12,0
44350,TOWN OF LINCOLN - EAU CLAIRE COUNTY,WI,52,44,44,0
44375,TOWN OF LINCOLN - FOREST COUNTY,WI,75,70,67,3
44425,TOWN OF LINCOLN - KEWAUNEE COUNTY,WI,49,42,33,9
44450,TOWN OF LINCOLN - MONROE COUNTY,WI,37,32,31,1
44475,TOWN OF LINCOLN - POLK COUNTY,WI,175,166,166,0
44500,TOWN OF LINCOLN - TREMPEALEAU COUNTY,WI,30,26,26,0
44525,TOWN OF LINCOLN - VILAS COUNTY,WI,212,205,204,1
44550,TOWN OF LINCOLN - WOOD COUNTY,WI,110,91,91,0
44575,TOWN OF LIND - WAUPACA COUNTY,WI,100,94,88,6
44625,VILLAGE OF LINDEN - IOWA COUNTY,WI,18,17,17,0
44650,TOWN OF LINDEN - IOWA COUNTY,WI,41,34,34,0
44675,TOWN OF LINDINA - JUNEAU COUNTY,WI,39,38,38,0
44750,TOWN OF LINN - WALWORTH COUNTY,WI,189,170,158,12
44800,TOWN OF LINWOOD - PORTAGE COUNTY,WI,98,95,95,0
44825,TOWN OF LISBON - JUNEAU COUNTY,WI,39,37,36,1
44850,TOWN OF LISBON - WAUKESHA COUNTY,WI,1133,968,963,5
44900,TOWN OF LITTLE BLACK - TAYLOR COUNTY,WI,56,48,47,1
44950,VILLAGE OF LITTLE CHUTE - OUTAGAMIE COUNTY,WI,899,812,810,2
44975,TOWN OF LITTLE FALLS - MONROE COUNTY,WI,48,46,46,0
45025,TOWN OF LITTLE GRANT - GRANT COUNTY,WI,8,8,8,0
45150,TOWN OF LITTLE RICE - ONEIDA COUNTY,WI,26,22,22,0
45175,TOWN OF LITTLE RIVER - OCONTO COUNTY,WI,60,54,54,0
45275,TOWN OF LITTLE SUAMICO - OCONTO COUNTY,WI,607,574,563,11
45300,TOWN OF LITTLE WOLF - WAUPACA COUNTY,WI,88,76,76,0
45325,VILLAGE OF LIVINGSTON - MULTIPLE COUNTIES,WI,21,21,21,0
45350,CITY OF LODI - COLUMBIA COUNTY,WI,288,257,256,1
45375,TOWN OF LODI - COLUMBIA COUNTY,WI,321,283,280,3
45400,VILLAGE OF LOGANVILLE - SAUK COUNTY,WI,4,3,3,0
45425,VILLAGE OF LOHRVILLE - WAUSHARA COUNTY,WI,4,3,3,0
45475,VILLAGE OF LOMIRA - DODGE COUNTY,WI,100,87,87,0
45500,TOWN OF LOMIRA - DODGE COUNTY,WI,49,46,46,0
45575,VILLAGE OF LONE ROCK - RICHLAND COUNTY,WI,24,23,23,0
45625,TOWN OF LONG LAKE - FLORENCE COUNTY,WI,25,21,21,0
45650,TOWN OF LONG LAKE - WASHBURN COUNTY,WI,51,48,47,1
45700,TOWN OF LONGWOOD - CLARK COUNTY,WI,9,9,9,0
45775,TOWN OF LORAIN - POLK COUNTY,WI,17,17,17,0
45950,VILLAGE OF LOWELL - DODGE COUNTY,WI,11,9,9,0
45975,TOWN OF LOWELL - DODGE COUNTY,WI,63,58,57,1
46050,TOWN OF LOWVILLE - COLUMBIA COUNTY,WI,81,72,69,3
46075,CITY OF LOYAL - CLARK COUNTY,WI,63,59,59,0
46100,TOWN OF LOYAL - CLARK COUNTY,WI,15,12,12,0
46150,VILLAGE OF LUBLIN - TAYLOR COUNTY,WI,3,3,3,0
46175,TOWN OF LUCAS - DUNN COUNTY,WI,33,29,29,0
46200,VILLAGE OF LUCK - POLK COUNTY,WI,59,56,56,0
46225,TOWN OF LUCK - POLK COUNTY,WI,50,44,44,0
46275,TOWN OF LUDINGTON - EAU CLAIRE COUNTY,WI,53,39,39,0
46400,VILLAGE OF LUXEMBURG - KEWAUNEE COUNTY,WI,114,103,102,1
46425,TOWN OF LUXEMBURG - KEWAUNEE COUNTY,WI,60,59,57,2
46525,TOWN OF LYNDON - JUNEAU COUNTY,WI,70,67,67,0
46575,TOWN OF LYNDON - SHEBOYGAN COUNTY,WI,70,61,56,5
46600,VILLAGE OF LYNDON STATION - JUNEAU COUNTY,WI,23,22,22,0
46625,TOWN OF LYNN - CLARK COUNTY,WI,22,17,16,1
46650,TOWN OF LYNNE - ONEIDA COUNTY,WI,12,12,12,0
46675,VILLAGE OF LYNXVILLE - CRAWFORD COUNTY,WI,4,4,4,0
46725,TOWN OF LYONS - WALWORTH COUNTY,WI,244,227,222,5
46850,VILLAGE OF MCFARLAND - DANE COUNTY,WI,1199,1136,1132,4
46875,TOWN OF MACKFORD - GREEN LAKE COUNTY,WI,30,23,22,1
46900,TOWN OF MCKINLEY - POLK COUNTY,WI,26,23,23,0
46925,TOWN OF MCKINLEY - TAYLOR COUNTY,WI,16,14,14,0
46975,TOWN OF MCMILLAN - MARATHON COUNTY,WI,147,135,135,0
47025,TOWN OF MADGE - WASHBURN COUNTY,WI,75,71,71,0
48000,CITY OF MADISON - DANE COUNTY,WI,36253,32746,32544,202
48025,TOWN OF MADISON - DANE COUNTY,WI,0,0,0,0
48150,TOWN OF MAGNOLIA - ROCK COUNTY,WI,47,41,41,0
48175,VILLAGE OF MAIDEN ROCK - PIERCE COUNTY,WI,4,4,4,0
48200,TOWN OF MAIDEN ROCK - PIERCE COUNTY,WI,44,43,42,1
48225,VILLAGE OF MAINE - MARATHON COUNTY,WI,248,235,232,3
48250,TOWN OF MAINE - OUTAGAMIE COUNTY,WI,15,15,14,1
48350,CITY OF MANAWA - WAUPACA COUNTY,WI,47,42,42,0
48400,TOWN OF MANCHESTER - GREEN LAKE COUNTY,WI,19,17,17,0
48425,TOWN OF MANCHESTER - JACKSON COUNTY,WI,35,34,34,0
48462,TOWN OF MANITOWISH WATERS - VILAS COUNTY,WI,96,91,90,1
48500,CITY OF MANITOWOC - MANITOWOC COUNTY,WI,2250,2010,1991,19
48525,TOWN OF MANITOWOC - MANITOWOC COUNTY,WI,74,60,60,0
48575,TOWN OF MANITOWOC RAPIDS - MANITOWOC COUNTY,WI,226,220,220,0
48725,TOWN OF MAPLE - DOUGLAS COUNTY,WI,52,49,49,0
48750,VILLAGE OF MAPLE BLUFF - DANE COUNTY,WI,213,179,176,3
48775,TOWN OF MAPLE CREEK - OUTAGAMIE COUNTY,WI,12,11,11,0
48825,TOWN OF MAPLE GROVE - BARRON COUNTY,WI,28,25,25,0
48875,TOWN OF MAPLE GROVE - MANITOWOC COUNTY,WI,28,25,25,0
48900,TOWN OF MAPLE GROVE - SHAWANO COUNTY,WI,69,67,67,0
48925,TOWN OF MAPLEHURST - TAYLOR COUNTY,WI,10,10,10,0
48950,TOWN OF MAPLE PLAIN - BARRON COUNTY,WI,59,52,52,0
49000,TOWN OF MAPLE VALLEY - OCONTO COUNTY,WI,25,22,22,0
49075,TOWN OF MARATHON - MARATHON COUNTY,WI,33,31,31,0
49100,VILLAGE OF MARATHON CITY - MARATHON COUNTY,WI,48,42,42,0
49150,TOWN OF MARCELLON - COLUMBIA COUNTY,WI,43,42,42,0
49200,TOWN OF MARENGO - ASHLAND COUNTY,WI,11,11,11,0
49250,VILLAGE OF MARIBEL - MANITOWOC COUNTY,WI,9,9,9,0
49275,TOWN OF MARIETTA - CRAWFORD COUNTY,WI,17,17,17,0
49300,CITY OF MARINETTE - MARINETTE COUNTY,WI,763,693,692,1
49350,TOWN OF MARION - GRANT COUNTY,WI,22,21,21,0
49375,TOWN OF MARION - JUNEAU COUNTY,WI,16,13,12,1
49400,CITY OF MARION - MULTIPLE COUNTIES,WI,36,33,33,0
49425,TOWN OF MARION - WAUSHARA COUNTY,WI,285,269,265,4
49450,CITY OF MARKESAN - GREEN LAKE COUNTY,WI,47,45,44,1
49500,VILLAGE OF MARQUETTE - GREEN LAKE COUNTY,WI,10,8,8,0
49525,TOWN OF MARQUETTE - GREEN LAKE COUNTY,WI,42,29,29,0
49575,VILLAGE OF MARSHALL - DANE COUNTY,WI,252,225,221,4
49600,TOWN OF MARSHALL - RICHLAND COUNTY,WI,40,38,38,0
49625,TOWN OF MARSHALL - RUSK COUNTY,WI,20,19,19,0
49650,TOWN OF MARSHFIELD - FOND DU LAC COUNTY,WI,47,45,45,0
49675,CITY OF MARSHFIELD - MULTIPLE COUNTIES,WI,1512,1401,1385,16
49700,TOWN OF MARSHFIELD - WOOD COUNTY,WI,47,45,44,1
49775,TOWN OF MARTELL - PIERCE COUNTY,WI,75,66,66,0
49900,VILLAGE OF MASON - BAYFIELD COUNTY,WI,10,10,10,0
49925,TOWN OF MASON - BAYFIELD COUNTY,WI,21,21,21,0
49975,TOWN OF MATTESON - WAUPACA COUNTY,WI,37,35,35,0
50000,VILLAGE OF MATTOON - SHAWANO COUNTY,WI,12,11,11,0
50025,CITY OF MAUSTON - JUNEAU COUNTY,WI,251,215,215,0
50075,TOWN OF MAXVILLE - BUFFALO COUNTY,WI,17,16,16,0
50175,TOWN OF MAYVILLE - CLARK COUNTY,WI,29,29,29,0
50200,CITY OF MAYVILLE - DODGE COUNTY,WI,329,291,290,1
50225,VILLAGE OF MAZOMANIE - DANE COUNTY,WI,174,161,159,2
50250,TOWN OF MAZOMANIE - DANE COUNTY,WI,69,66,66,0
50275,TOWN OF MEAD - CLARK COUNTY,WI,19,19,19,0
50300,TOWN OF MEADOWBROOK - SAWYER COUNTY,WI,10,10,10,0
50350,TOWN OF MECAN - MARQUETTE COUNTY,WI,44,34,34,0
50400,TOWN OF MEDARY - LA CROSSE COUNTY,WI,168,160,159,1
50425,CITY OF MEDFORD - TAYLOR COUNTY,WI,266,247,246,1
50450,TOWN OF MEDFORD - TAYLOR COUNTY,WI,146,137,136,1
50475,TOWN OF MEDINA - DANE COUNTY,WI,123,97,96,1
50625,TOWN OF MEEME - MANITOWOC COUNTY,WI,92,85,83,2
50650,TOWN OF MEENON - BURNETT COUNTY,WI,51,42,42,0
50700,CITY OF MELLEN - ASHLAND COUNTY,WI,48,45,41,4
50750,VILLAGE OF MELROSE - JACKSON COUNTY,WI,11,10,10,0
50775,TOWN OF MELROSE - JACKSON COUNTY,WI,10,10,10,0
50800,VILLAGE OF MELVINA - MONROE COUNTY,WI,0,0,0,0
50825,CITY OF MENASHA - MULTIPLE COUNTIES,WI,1382,1201,1194,7
50975,TOWN OF MENOMINEE - MENOMINEE COUNTY,WI,139,130,130,0
51000,VILLAGE OF MENOMONEE FALLS - WAUKESHA COUNTY,WI,3788,3461,3439,22
51025,CITY OF MENOMONIE - DUNN COUNTY,WI,1112,986,976,10
51050,TOWN OF MENOMONIE - DUNN COUNTY,WI,299,289,281,8
51125,TOWN OF MENTOR - CLARK COUNTY,WI,16,15,15,0
51150,CITY OF MEQUON - OZAUKEE COUNTY,WI,3513,3212,3166,46
51200,TOWN OF MERCER - IRON COUNTY,WI,233,219,219,0
51250,CITY OF MERRILL - LINCOLN COUNTY,WI,490,442,441,1
51275,TOWN OF MERRILL - LINCOLN COUNTY,WI,150,142,139,3
51300,VILLAGE OF MERRILLAN - JACKSON COUNTY,WI,22,20,20,0
51325,VILLAGE OF MERRIMAC - SAUK COUNTY,WI,36,31,31,0
51350,TOWN OF MERRIMAC - SAUK COUNTY,WI,152,138,138,0
51375,VILLAGE OF MERTON - WAUKESHA COUNTY,WI,314,277,277,0
51400,TOWN OF MERTON - WAUKESHA COUNTY,WI,885,832,829,3
51425,TOWN OF METEOR - SAWYER COUNTY,WI,10,10,10,0
51450,TOWN OF METOMEN - FOND DU LAC COUNTY,WI,23,21,21,0
51537,TOWN OF MIDDLE INLET - MARINETTE COUNTY,WI,43,39,39,0
51575,CITY OF MIDDLETON - DANE COUNTY,WI,3961,3653,3643,10
51600,TOWN OF MIDDLETON - DANE COUNTY,WI,1037,950,943,7
51725,TOWN OF MIFFLIN - IOWA COUNTY,WI,22,22,22,0
51850,TOWN OF MILFORD - JEFFERSON COUNTY,WI,53,51,51,0
51875,VILLAGE OF MILLADORE - MULTIPLE COUNTIES,WI,9,9,9,0
51900,TOWN OF MILLADORE - WOOD COUNTY,WI,32,26,25,1
52050,TOWN OF MILLSTON - JACKSON COUNTY,WI,3,3,3,0
52075,VILLAGE OF MILLTOWN - POLK COUNTY,WI,26,26,26,0
52100,TOWN OF MILLTOWN - POLK COUNTY,WI,77,63,57,6
52150,TOWN OF MILLVILLE - GRANT COUNTY,WI,2,2,2,0
52175,TOWN OF MILTON - BUFFALO COUNTY,WI,28,26,26,0
52200,CITY OF MILTON - ROCK COUNTY,WI,411,371,370,1
52225,TOWN OF MILTON - ROCK COUNTY,WI,284,265,264,1
53000,CITY OF MILWAUKEE - MULTIPLE COUNTIES,WI,39144,32779,32612,167
53100,CITY OF MINERAL POINT - IOWA COUNTY,WI,273,233,231,2
53125,TOWN OF MINERAL POINT - IOWA COUNTY,WI,117,101,101,0
53225,TOWN OF MINOCQUA - ONEIDA COUNTY,WI,710,646,645,1
53250,VILLAGE OF MINONG - WASHBURN COUNTY,WI,17,15,15,0
53275,TOWN OF MINONG - WASHBURN COUNTY,WI,90,77,77,0
53325,VILLAGE OF MISHICOT - MANITOWOC COUNTY,WI,63,51,51,0
53350,TOWN OF MISHICOT - MANITOWOC COUNTY,WI,48,43,43,0
53375,TOWN OF MITCHELL - SHEBOYGAN COUNTY,WI,74,69,69,0
53450,TOWN OF MODENA - BUFFALO COUNTY,WI,5,5,5,0
53550,TOWN OF MOLITOR - TAYLOR COUNTY,WI,19,18,18,0
53600,CITY OF MONDOVI - BUFFALO COUNTY,WI,107,102,100,2
53625,TOWN OF MONDOVI - BUFFALO COUNTY,WI,18,16,16,0
53662,TOWN OF MONICO - ONEIDA COUNTY,WI,5,5,5,0
53675,CITY OF MONONA - DANE COUNTY,WI,1331,1210,1201,9
53725,TOWN OF MONROE - ADAMS COUNTY,WI,36,31,31,0
53750,CITY OF MONROE - GREEN COUNTY,WI,842,764,758,6
53775,TOWN OF MONROE - GREEN COUNTY,WI,65,61,61,0
53850,TOWN OF MONTANA - BUFFALO COUNTY,WI,7,7,7,0
53875,CITY OF MONTELLO - MARQUETTE COUNTY,WI,101,92,91,1
53900,TOWN OF MONTELLO - MARQUETTE COUNTY,WI,95,84,84,0
53950,VILLAGE OF MONTFORT - MULTIPLE COUNTIES,WI,33,32,31,1
54000,VILLAGE OF MONTICELLO - GREEN COUNTY,WI,63,56,53,3
54025,TOWN OF MONTICELLO - LAFAYETTE COUNTY,WI,8,7,7,0
54050,TOWN OF MONTPELIER - KEWAUNEE COUNTY,WI,53,49,48,1
54075,CITY OF MONTREAL - IRON COUNTY,WI,65,57,57,0
54100,TOWN OF MONTROSE - DANE COUNTY,WI,105,89,89,0
54200,TOWN OF MORGAN - OCONTO COUNTY,WI,82,69,68,1
54250,TOWN OF MORRIS - SHAWANO COUNTY,WI,21,21,21,0
54300,TOWN OF MORRISON - BROWN COUNTY,WI,79,76,76,0
54400,TOWN OF MORSE - ASHLAND COUNTY,WI,50,46,46,0
54425,TOWN OF MOSCOW - IOWA COUNTY,WI,47,45,45,0
54475,TOWN OF MOSEL - SHEBOYGAN COUNTY,WI,36,28,27,1
54500,CITY OF MOSINEE - MARATHON COUNTY,WI,316,273,268,5
54525,TOWN OF MOSINEE - MARATHON COUNTY,WI,130,114,113,1
54600,TOWN OF MOUNDVILLE - MARQUETTE COUNTY,WI,23,19,19,0
54630,TOWN OF MOUNTAIN - OCONTO COUNTY,WI,97,88,87,1
54650,VILLAGE OF MOUNT CALVARY - FOND DU LAC COUNTY,WI,34,32,32,0
54675,VILLAGE OF MOUNT HOPE - GRANT COUNTY,WI,4,4,4,0
54700,TOWN OF MOUNT HOPE - GRANT COUNTY,WI,6,6,6,0
54725,VILLAGE OF MOUNT HOREB - DANE COUNTY,WI,725,664,660,4
54775,TOWN OF MOUNT IDA - GRANT COUNTY,WI,18,16,16,0
54825,TOWN OF MOUNT MORRIS - WAUSHARA COUNTY,WI,88,76,76,0
54850,TOWN OF MOUNT PLEASANT - GREEN COUNTY,WI,40,38,37,1
54875,VILLAGE OF MOUNT PLEASANT - RACINE COUNTY,WI,3167,2733,2678,55
54900,VILLAGE OF MT. STERLING - CRAWFORD COUNTY,WI,3,2,2,0
55025,TOWN OF MUKWA - WAUPACA COUNTY,WI,160,140,140,0
55050,VILLAGE OF MUKWONAGO - MULTIPLE COUNTIES,WI,671,605,603,2
55075,TOWN OF MUKWONAGO - WAUKESHA COUNTY,WI,719,664,627,37
55175,TOWN OF MURRY - RUSK COUNTY,WI,5,4,4,0
55200,VILLAGE OF MUSCODA - MULTIPLE COUNTIES,WI,59,52,52,0
55225,TOWN OF MUSCODA - GRANT COUNTY,WI,11,9,9,0
55275,CITY OF MUSKEGO - WAUKESHA COUNTY,WI,2543,2376,2349,27
55375,TOWN OF NAMAKAGON - BAYFIELD COUNTY,WI,55,50,50,0
55450,TOWN OF NAPLES - BUFFALO COUNTY,WI,37,33,33,0
55500,TOWN OF NASEWAUPEE - DOOR COUNTY,WI,163,155,150,5
55550,VILLAGE OF NASHOTAH - WAUKESHA COUNTY,WI,113,97,97,0
55575,TOWN OF NASHVILLE - FOREST COUNTY,WI,72,64,62,2
55675,TOWN OF NAVARINO - SHAWANO COUNTY,WI,20,18,18,0
55700,VILLAGE OF NECEDAH - JUNEAU COUNTY,WI,70,64,64,0
55725,TOWN OF NECEDAH - JUNEAU COUNTY,WI,193,170,170,0
55750,CITY OF NEENAH - WINNEBAGO COUNTY,WI,2749,2390,2377,13
55775,TOWN OF NEENAH - WINNEBAGO COUNTY,WI,329,309,307,2
55800,CITY OF NEILLSVILLE - CLARK COUNTY,WI,141,130,129,1
55850,TOWN OF NEKIMI - WINNEBAGO COUNTY,WI,72,65,65,0
55875,CITY OF NEKOOSA - WOOD COUNTY,WI,146,137,137,0
55950,VILLAGE OF NELSON - BUFFALO COUNTY,WI,6,4,4,0
55975,TOWN OF NELSON - BUFFALO COUNTY,WI,33,29,29,0
56000,VILLAGE OF NELSONVILLE - PORTAGE COUNTY,WI,16,13,13,0
56075,VILLAGE OF NEOSHO - DODGE COUNTY,WI,26,24,24,0
56100,TOWN OF NEPEUSKUN - WINNEBAGO COUNTY,WI,14,14,14,0
56125,VILLAGE OF NESHKORO - MARQUETTE COUNTY,WI,11,10,10,0
56150,TOWN OF NESHKORO - MARQUETTE COUNTY,WI,37,36,36,0
56200,TOWN OF NEVA - LANGLADE COUNTY,WI,54,46,46,0
56325,TOWN OF NEWARK - ROCK COUNTY,WI,82,76,70,6
56350,VILLAGE OF NEW AUBURN - MULTIPLE COUNTIES,WI,8,6,6,0
56375,CITY OF NEW BERLIN - WAUKESHA COUNTY,WI,4059,3767,3749,18
56425,TOWN OF NEWBOLD - ONEIDA COUNTY,WI,329,301,300,1
56450,VILLAGE OF NEWBURG - MULTIPLE COUNTIES,WI,41,29,29,0
56525,TOWN OF NEW CHESTER - ADAMS COUNTY,WI,61,56,56,0
56575,TOWN OF NEW DENMARK - BROWN COUNTY,WI,82,80,80,0
56625,TOWN OF NEW DIGGINGS - LAFAYETTE COUNTY,WI,11,11,11,0
56700,VILLAGE OF NEW GLARUS - GREEN COUNTY,WI,211,192,189,3
56725,TOWN OF NEW GLARUS - GREEN COUNTY,WI,135,126,124,2
56750,TOWN OF NEW HAVEN - ADAMS COUNTY,WI,34,29,28,1
56775,TOWN OF NEW HAVEN - DUNN COUNTY,WI,14,11,11,0
56800,CITY OF NEW HOLSTEIN - CALUMET COUNTY,WI,210,194,192,2
56825,TOWN OF NEW HOLSTEIN - CALUMET COUNTY,WI,78,76,75,1
56850,TOWN OF NEW HOPE - PORTAGE COUNTY,WI,90,79,79,0
56900,CITY OF NEW LISBON - JUNEAU COUNTY,WI,42,38,36,2
56925,CITY OF NEW LONDON - MULTIPLE COUNTIES,WI,301,268,267,1
56950,TOWN OF NEW LYME - MONROE COUNTY,WI,5,5,5,0
57025,TOWN OF NEWPORT - COLUMBIA COUNTY,WI,54,48,48,0
57100,CITY OF NEW RICHMOND - ST. CROIX COUNTY,WI,865,782,782,0
57200,TOWN OF NEWTON - MANITOWOC COUNTY,WI,169,134,134,0
57225,TOWN OF NEWTON - MARQUETTE COUNTY,WI,13,11,11,0
57325,CITY OF NIAGARA - MARINETTE COUNTY,WI,80,72,72,0
57350,TOWN OF NIAGARA - MARINETTE COUNTY,WI,62,57,57,0
57375,VILLAGE OF NICHOLS - OUTAGAMIE COUNTY,WI,8,8,8,0
57450,TOWN OF NOKOMIS - ONEIDA COUNTY,WI,119,112,112,0
57600,TOWN OF NORRIE - MARATHON COUNTY,WI,40,38,38,0
57700,VILLAGE OF NORTH BAY - RACINE COUNTY,WI,21,19,19,0
57775,TOWN OF NORTH BEND - JACKSON COUNTY,WI,17,17,17,0
57975,TOWN OF NORTHFIELD - JACKSON COUNTY,WI,16,15,11,4
58000,VILLAGE OF NORTH FOND DU LAC - FOND DU LAC COUNTY,WI,324,310,309,1
58025,VILLAGE OF NORTH FREEDOM - SAUK COUNTY,WI,16,16,16,0
58050,VILLAGE OF NORTH HUDSON - ST. CROIX COUNTY,WI,320,298,298,0
58125,TOWN OF NORTH LANCASTER - GRANT COUNTY,WI,28,25,25,0
58400,VILLAGE OF NORTH PRAIRIE - WAUKESHA COUNTY,WI,154,135,135,0
58575,VILLAGE OF NORWALK - MONROE COUNTY,WI,13,12,12,0
58600,TOWN OF NORWAY - RACINE COUNTY,WI,553,510,506,4
58700,TOWN OF NORWOOD - LANGLADE COUNTY,WI,35,29,29,0
58800,CITY OF OAK CREEK - MILWAUKEE COUNTY,WI,3128,2855,2843,12
58850,VILLAGE OF OAKDALE - MONROE COUNTY,WI,4,4,4,0
58875,TOWN OF OAKDALE - MONROE COUNTY,WI,19,17,16,1
58900,VILLAGE OF OAKFIELD - FOND DU LAC COUNTY,WI,46,43,43,0
58925,TOWN OF OAKFIELD - FOND DU LAC COUNTY,WI,36,34,34,0
58950,TOWN OF OAK GROVE - BARRON COUNTY,WI,41,39,39,0
59000,TOWN OF OAK GROVE - DODGE COUNTY,WI,45,42,41,1
59025,TOWN OF OAK GROVE - PIERCE COUNTY,WI,175,165,163,2
59075,TOWN OF OAKLAND - BURNETT COUNTY,WI,116,97,96,1
59100,TOWN OF OAKLAND - DOUGLAS COUNTY,WI,83,73,73,0
59125,TOWN OF OAKLAND - JEFFERSON COUNTY,WI,277,259,258,1
59225,TOWN OF OASIS - WAUSHARA COUNTY,WI,22,12,12,0
59250,CITY OF OCONOMOWOC - WAUKESHA COUNTY,WI,2025,1843,1831,12
59275,TOWN OF OCONOMOWOC - WAUKESHA COUNTY,WI,1084,983,980,3
59300,VILLAGE OF OCONOMOWOC LAKE - WAUKESHA COUNTY,WI,66,56,54,2
59350,CITY OF OCONTO - OCONTO COUNTY,WI,194,179,179,0
59375,TOWN OF OCONTO - OCONTO COUNTY,WI,77,77,76,1
59400,CITY OF OCONTO FALLS - OCONTO COUNTY,WI,120,116,116,0
59425,TOWN OF OCONTO FALLS - OCONTO COUNTY,WI,92,91,91,0
59475,VILLAGE OF OGDENSBURG - WAUPACA COUNTY,WI,3,3,3,0
59525,TOWN OF OGEMA - PRICE COUNTY,WI,43,39,39,0
59600,TOWN OF OJIBWA - SAWYER COUNTY,WI,18,17,17,0
59800,VILLAGE OF OLIVER - DOUGLAS COUNTY,WI,29,24,22,2
59850,TOWN OF OMA - IRON COUNTY,WI,51,50,50,0
59875,CITY OF OMRO - WINNEBAGO COUNTY,WI,211,170,169,1
59900,TOWN OF OMRO - WINNEBAGO COUNTY,WI,193,164,164,0
59925,CITY OF ONALASKA - LA CROSSE COUNTY,WI,1779,1658,1645,13
59950,TOWN OF ONALASKA - LA CROSSE COUNTY,WI,560,513,508,5
60000,TOWN OF ONEIDA - OUTAGAMIE COUNTY,WI,285,242,240,2
60075,VILLAGE OF ONTARIO - MULTIPLE COUNTIES,WI,12,10,10,0
60100,VILLAGE OF OOSTBURG - SHEBOYGAN COUNTY,WI,165,155,155,0
60150,TOWN OF ORANGE - JUNEAU COUNTY,WI,5,5,5,0
60200,VILLAGE OF OREGON - DANE COUNTY,WI,1355,1272,1268,4
60225,TOWN OF OREGON - DANE COUNTY,WI,481,426,421,5
60250,VILLAGE OF ORFORDVILLE - ROCK COUNTY,WI,60,49,49,0
60275,TOWN OF ORIENTA - BAYFIELD COUNTY,WI,8,8,8,0
60350,TOWN OF ORION - RICHLAND COUNTY,WI,18,16,14,2
60400,TOWN OF OSBORN - OUTAGAMIE COUNTY,WI,68,65,64,1
60425,TOWN OF OSCEOLA - FOND DU LAC COUNTY,WI,97,93,92,1
60450,VILLAGE OF OSCEOLA - POLK COUNTY,WI,171,157,156,1
60475,TOWN OF OSCEOLA - POLK COUNTY,WI,141,123,123,0
60500,CITY OF OSHKOSH - WINNEBAGO COUNTY,WI,5158,4723,4613,110
60525,TOWN OF OSHKOSH - WINNEBAGO COUNTY,WI,248,238,234,4
60575,CITY OF OSSEO - TREMPEALEAU COUNTY,WI,57,50,50,0
60687,TOWN OF OTSEGO - COLUMBIA COUNTY,WI,38,34,34,0
60700,TOWN OF OTTAWA - WAUKESHA COUNTY,WI,385,334,330,4
60725,TOWN OF OTTER CREEK - DUNN COUNTY,WI,25,25,25,0
60750,TOWN OF OTTER CREEK - EAU CLAIRE COUNTY,WI,14,12,11,1
60775,TOWN OF OULU - BAYFIELD COUNTY,WI,43,39,38,1
60825,CITY OF OWEN - CLARK COUNTY,WI,38,37,37,0
60875,VILLAGE OF OXFORD - MARQUETTE COUNTY,WI,15,15,15,0
60900,TOWN OF OXFORD - MARQUETTE COUNTY,WI,40,40,40,0
60925,TOWN OF PACIFIC - COLUMBIA COUNTY,WI,299,283,279,4
60962,TOWN OF PACKWAUKEE - MARQUETTE COUNTY,WI,88,80,80,0
60975,VILLAGE OF PADDOCK LAKE - KENOSHA COUNTY,WI,168,146,146,0
61025,VILLAGE OF PALMYRA - JEFFERSON COUNTY,WI,70,62,62,0
61050,TOWN OF PALMYRA - JEFFERSON COUNTY,WI,91,86,85,1
61100,VILLAGE OF PARDEEVILLE - COLUMBIA COUNTY,WI,72,64,64,0
61150,TOWN OF PARIS - GRANT COUNTY,WI,38,36,36,0
61175,TOWN OF PARIS - KENOSHA COUNTY,WI,78,61,58,3
61200,CITY OF PARK FALLS - PRICE COUNTY,WI,98,90,86,4
61250,TOWN OF PARKLAND - DOUGLAS COUNTY,WI,42,36,36,0
61325,VILLAGE OF PARK RIDGE - PORTAGE COUNTY,WI,68,59,58,1
61375,TOWN OF PARRISH - LANGLADE COUNTY,WI,1,1,1,0
61425,VILLAGE OF PATCH GROVE - GRANT COUNTY,WI,3,3,3,0
61450,TOWN OF PATCH GROVE - GRANT COUNTY,WI,7,5,5,0
61525,TOWN OF PECK - LANGLADE COUNTY,WI,9,8,8,0
61600,TOWN OF PEEKSVILLE - ASHLAND COUNTY,WI,5,5,5,0
61625,TOWN OF PELICAN - ONEIDA COUNTY,WI,272,259,259,0
61700,TOWN OF PELLA - SHAWANO COUNTY,WI,54,52,52,0
61775,TOWN OF PEMBINE - MARINETTE COUNTY,WI,34,32,31,1
61825,TOWN OF PENCE - IRON COUNTY,WI,16,12,12,0
61900,TOWN OF PENSAUKEE - OCONTO COUNTY,WI,81,74,74,0
61925,VILLAGE OF PEPIN - PEPIN COUNTY,WI,51,48,48,0
61950,TOWN OF PEPIN - PEPIN COUNTY,WI,60,55,55,0
62050,TOWN OF PERRY - DANE COUNTY,WI,65,61,61,0
62100,TOWN OF PERSHING - TAYLOR COUNTY,WI,6,6,6,0
62125,TOWN OF PERU - DUNN COUNTY,WI,8,8,8,0
62175,CITY OF PESHTIGO - MARINETTE COUNTY,WI,164,147,145,2
62200,TOWN OF PESHTIGO - MARINETTE COUNTY,WI,332,280,278,2
62240,CITY OF PEWAUKEE - WAUKESHA COUNTY,WI,1521,1396,1376,20
62250,VILLAGE OF PEWAUKEE - WAUKESHA COUNTY,WI,739,662,657,5
62425,TOWN OF PHELPS - VILAS COUNTY,WI,137,129,127,2
62450,CITY OF PHILLIPS - PRICE COUNTY,WI,68,59,58,1
62600,TOWN OF PIEHL - ONEIDA COUNTY,WI,0,0,0,0
62625,TOWN OF PIERCE - KEWAUNEE COUNTY,WI,68,66,64,2
62650,TOWN OF PIGEON - TREMPEALEAU COUNTY,WI,29,29,29,0
62675,VILLAGE OF PIGEON FALLS - TREMPEALEAU COUNTY,WI,16,15,15,0
62700,TOWN OF PILSEN - BAYFIELD COUNTY,WI,11,10,10,0
62825,TOWN OF PINE GROVE - PORTAGE COUNTY,WI,16,16,16,0
62925,TOWN OF PINE LAKE - ONEIDA COUNTY,WI,259,243,241,2
62950,TOWN OF PINE RIVER - LINCOLN COUNTY,WI,120,103,102,1
63000,TOWN OF PINE VALLEY - CLARK COUNTY,WI,72,67,67,0
63075,TOWN OF PITTSFIELD - BROWN COUNTY,WI,336,322,322,0
63100,CITY OF PITTSVILLE - WOOD COUNTY,WI,25,22,21,1
63125,VILLAGE OF PLAIN - SAUK COUNTY,WI,34,31,31,0
63150,VILLAGE OF PLAINFIELD - WAUSHARA COUNTY,WI,24,24,24,0
63175,TOWN OF PLAINFIELD - WAUSHARA COUNTY,WI,18,15,15,0
63250,CITY OF PLATTEVILLE - GRANT COUNTY,WI,633,576,575,1
63275,TOWN OF PLATTEVILLE - GRANT COUNTY,WI,138,125,125,0
63300,VILLAGE OF PLEASANT PRAIRIE - KENOSHA COUNTY,WI,2079,1917,1901,16
63375,TOWN OF PLEASANT SPRINGS - DANE COUNTY,WI,362,339,337,2
63400,TOWN OF PLEASANT VALLEY - EAU CLAIRE COUNTY,WI,314,292,284,8
63425,TOWN OF PLEASANT VALLEY - ST. CROIX COUNTY,WI,32,29,29,0
63500,TOWN OF PLOVER - MARATHON COUNTY,WI,28,26,24,2
63525,VILLAGE OF PLOVER - PORTAGE COUNTY,WI,1453,1358,1353,5
63550,TOWN OF PLOVER - PORTAGE COUNTY,WI,98,96,96,0
63600,VILLAGE OF PLUM CITY - PIERCE COUNTY,WI,23,21,21,0
63625,TOWN OF PLUM LAKE - VILAS COUNTY,WI,76,66,66,0
63650,TOWN OF PLYMOUTH - JUNEAU COUNTY,WI,22,22,22,0
63675,TOWN OF PLYMOUTH - ROCK COUNTY,WI,40,34,34,0
63700,CITY OF PLYMOUTH - SHEBOYGAN COUNTY,WI,707,618,607,11
63725,TOWN OF PLYMOUTH - SHEBOYGAN COUNTY,WI,259,245,243,2
63825,TOWN OF POLAR - LANGLADE COUNTY,WI,33,30,30,0
63875,TOWN OF POLK - WASHINGTON COUNTY,WI,329,304,301,3
63975,VILLAGE OF POPLAR - DOUGLAS COUNTY,WI,24,23,23,0
64050,TOWN OF POPPLE RIVER - FOREST COUNTY,WI,1,1,1,0
64100,CITY OF PORTAGE - COLUMBIA COUNTY,WI,731,679,675,4
64175,VILLAGE OF PORT EDWARDS - WOOD COUNTY,WI,96,92,90,2
64200,TOWN OF PORT EDWARDS - WOOD COUNTY,WI,70,58,58,0
64225,TOWN OF PORTER - ROCK COUNTY,WI,71,63,63,0
64275,TOWN OF PORTERFIELD - MARINETTE COUNTY,WI,177,164,164,0
64375,TOWN OF PORTLAND - DODGE COUNTY,WI,40,35,34,1
64425,TOWN OF PORTLAND - MONROE COUNTY,WI,29,28,28,0
64450,CITY OF PORT WASHINGTON - OZAUKEE COUNTY,WI,990,907,900,7
64475,TOWN OF PORT WASHINGTON - OZAUKEE COUNTY,WI,137,120,120,0
64512,TOWN OF PORT WING - BAYFIELD COUNTY,WI,40,38,38,0
64625,VILLAGE OF POTOSI - GRANT COUNTY,WI,35,34,34,0
64650,TOWN OF POTOSI - GRANT COUNTY,WI,40,38,38,0
64675,VILLAGE OF POTTER - CALUMET COUNTY,WI,5,5,5,0
64750,VILLAGE OF POUND - MARINETTE COUNTY,WI,12,12,12,0
64775,TOWN OF POUND - MARINETTE COUNTY,WI,71,66,66,0
64875,TOWN OF POYGAN - WINNEBAGO COUNTY,WI,80,72,72,0
64900,VILLAGE OF POYNETTE - COLUMBIA COUNTY,WI,181,155,155,0
64975,TOWN OF POY SIPPI - WAUSHARA COUNTY,WI,41,38,38,0
65050,CITY OF PRAIRIE DU CHIEN - CRAWFORD COUNTY,WI,365,345,340,5
65075,TOWN OF PRAIRIE DU CHIEN - CRAWFORD COUNTY,WI,57,48,47,1
65100,VILLAGE OF PRAIRIE DU SAC - SAUK COUNTY,WI,438,411,410,1
65125,TOWN OF PRAIRIE DU SAC - SAUK COUNTY,WI,54,51,51,0
65150,VILLAGE OF PRAIRIE FARM - BARRON COUNTY,WI,9,9,8,1
65175,TOWN OF PRAIRIE FARM - BARRON COUNTY,WI,12,12,12,0
65200,TOWN OF PRAIRIE LAKE - BARRON COUNTY,WI,97,91,91,0
65325,VILLAGE OF PRENTICE - PRICE COUNTY,WI,21,21,21,0
65350,TOWN OF PRENTICE - PRICE COUNTY,WI,19,18,18,0
65375,CITY OF PRESCOTT - PIERCE COUNTY,WI,239,210,210,0
65425,TOWN OF PRESQUE ISLE - VILAS COUNTY,WI,96,94,94,0
65450,TOWN OF PRESTON - ADAMS COUNTY,WI,79,76,76,0
65500,TOWN OF PRESTON - TREMPEALEAU COUNTY,WI,34,34,34,0
65550,TOWN OF PRICE - LANGLADE COUNTY,WI,11,9,9,0
65575,TOWN OF PRIMROSE - DANE COUNTY,WI,68,61,61,0
65600,CITY OF PRINCETON - GREEN LAKE COUNTY,WI,58,54,54,0
65625,TOWN OF PRINCETON - GREEN LAKE COUNTY,WI,95,90,89,1
65675,VILLAGE OF PULASKI - MULTIPLE COUNTIES,WI,220,202,198,4
65700,TOWN OF PULASKI - IOWA COUNTY,WI,19,18,16,2
65825,TOWN OF QUINCY - ADAMS COUNTY,WI,85,83,83,0
66000,CITY OF RACINE - RACINE COUNTY,WI,4712,3912,3815,97
66050,VILLAGE OF RADISSON - SAWYER COUNTY,WI,6,5,5,0
66075,TOWN OF RADISSON - SAWYER COUNTY,WI,30,26,26,0
66125,TOWN OF RANDALL - KENOSHA COUNTY,WI,202,176,176,0
66150,VILLAGE OF RANDOLPH - MULTIPLE COUNTIES,WI,89,83,81,2
66175,TOWN OF RANDOLPH - COLUMBIA COUNTY,WI,28,24,24,0
66200,VILLAGE OF RANDOM LAKE - SHEBOYGAN COUNTY,WI,109,95,95,0
66275,TOWN OF RANTOUL - CALUMET COUNTY,WI,30,29,29,0
66350,VILLAGE OF RAYMOND - RACINE COUNTY,WI,289,241,240,1
66450,VILLAGE OF READSTOWN - VERNON COUNTY,WI,17,11,11,0
66550,TOWN OF RED CEDAR - DUNN COUNTY,WI,186,178,174,4
66625,VILLAGE OF REDGRANITE - WAUSHARA COUNTY,WI,35,30,30,0
66700,TOWN OF RED RIVER - KEWAUNEE COUNTY,WI,88,79,68,11
66750,TOWN OF RED SPRINGS - SHAWANO COUNTY,WI,58,55,55,0
66800,CITY OF REEDSBURG - SAUK COUNTY,WI,612,544,528,16
66825,TOWN OF REEDSBURG - SAUK COUNTY,WI,88,81,81,0
66875,VILLAGE OF REEDSVILLE - MANITOWOC COUNTY,WI,50,49,49,0
66900,VILLAGE OF REESEVILLE - DODGE COUNTY,WI,25,22,22,0
66950,TOWN OF REID - MARATHON COUNTY,WI,39,35,35,0
67000,TOWN OF REMINGTON - WOOD COUNTY,WI,8,8,8,0
67025,TOWN OF RESEBURG - CLARK COUNTY,WI,4,4,4,0
67100,VILLAGE OF REWEY - IOWA COUNTY,WI,11,11,11,0
67150,TOWN OF RHINE - SHEBOYGAN COUNTY,WI,161,149,148,1
67200,CITY OF RHINELANDER - ONEIDA COUNTY,WI,712,587,586,1
67250,TOWN OF RIB FALLS - MARATHON COUNTY,WI,41,34,34,0
67275,VILLAGE OF RIB LAKE - TAYLOR COUNTY,WI,20,18,18,0
67300,TOWN OF RIB LAKE - TAYLOR COUNTY,WI,31,29,28,1
67325,TOWN OF RIB MOUNTAIN - MARATHON COUNTY,WI,687,637,630,7
67350,CITY OF RICE LAKE - BARRON COUNTY,WI,573,520,510,10
67375,TOWN OF RICE LAKE - BARRON COUNTY,WI,189,181,176,5
67425,TOWN OF RICHFIELD - ADAMS COUNTY,WI,6,5,5,0
67475,VILLAGE OF RICHFIELD - WASHINGTON COUNTY,WI,928,862,848,14
67500,TOWN OF RICHFIELD - WOOD COUNTY,WI,63,52,52,0
67550,TOWN OF RICHFORD - WAUSHARA COUNTY,WI,23,22,21,1
67575,TOWN OF RICHLAND - RICHLAND COUNTY,WI,73,65,64,1
67600,TOWN OF RICHLAND - RUSK COUNTY,WI,2,2,2,0
67625,CITY OF RICHLAND CENTER - RICHLAND COUNTY,WI,287,267,263,4
67650,TOWN OF RICHMOND - ST. CROIX COUNTY,WI,244,222,221,1
67675,TOWN OF RICHMOND - SHAWANO COUNTY,WI,101,94,94,0
67725,TOWN OF RICHMOND - WALWORTH COUNTY,WI,116,107,107,0
67775,TOWN OF RICHWOOD - RICHLAND COUNTY,WI,24,16,15,1
67800,VILLAGE OF RIDGELAND - DUNN COUNTY,WI,5,4,4,0
67850,TOWN OF RIDGEVILLE - MONROE COUNTY,WI,13,12,12,0
67875,VILLAGE OF RIDGEWAY - IOWA COUNTY,WI,39,38,38,0
67900,TOWN OF RIDGEWAY - IOWA COUNTY,WI,43,36,36,0
67950,TOWN OF RIETBROCK - MARATHON COUNTY,WI,25,19,18,1
68075,TOWN OF RINGLE - MARATHON COUNTY,WI,112,105,101,4
68100,VILLAGE OF RIO - COLUMBIA COUNTY,WI,39,38,38,0
68175,CITY OF RIPON - FOND DU LAC COUNTY,WI,448,387,383,4
68200,TOWN OF RIPON - FOND DU LAC COUNTY,WI,52,46,46,0
68275,CITY OF RIVER FALLS - MULTIPLE COUNTIES,WI,1320,1200,1193,7
68300,TOWN OF RIVER FALLS - PIERCE COUNTY,WI,222,208,204,4
68325,VILLAGE OF RIVER HILLS - MILWAUKEE COUNTY,WI,220,178,176,2
68400,TOWN OF RIVERVIEW - OCONTO COUNTY,WI,64,61,61,0
68475,VILLAGE OF ROBERTS - ST. CROIX COUNTY,WI,77,71,70,1
68550,VILLAGE OF ROCHESTER - RACINE COUNTY,WI,229,216,216,0
68600,TOWN OF ROCK - ROCK COUNTY,WI,131,111,111,0
68625,TOWN OF ROCK - WOOD COUNTY,WI,49,40,40,0
68675,TOWN OF ROCKBRIDGE - RICHLAND COUNTY,WI,44,41,31,10
68700,TOWN OF ROCK CREEK - DUNN COUNTY,WI,37,28,27,1
68725,VILLAGE OF ROCKDALE - DANE COUNTY,WI,13,11,10,1
68775,TOWN OF ROCK ELM - PIERCE COUNTY,WI,6,6,6,0
68825,TOWN OF ROCK FALLS - LINCOLN COUNTY,WI,22,18,18,0
68875,TOWN OF ROCKLAND - BROWN COUNTY,WI,105,93,93,0
68900,VILLAGE OF ROCKLAND - MULTIPLE COUNTIES,WI,17,17,17,0
68925,TOWN OF ROCKLAND - MANITOWOC COUNTY,WI,42,41,41,0
68975,VILLAGE OF ROCK SPRINGS - SAUK COUNTY,WI,11,8,8,0
69175,TOWN OF ROLLING - LANGLADE COUNTY,WI,54,46,46,0
69275,TOWN OF ROME - ADAMS COUNTY,WI,311,298,298,0
69325,TOWN OF ROOSEVELT - BURNETT COUNTY,WI,2,2,2,0
69400,TOWN OF ROOSEVELT - TAYLOR COUNTY,WI,11,11,11,0
69425,TOWN OF ROSE - WAUSHARA COUNTY,WI,41,39,39,0
69525,VILLAGE OF ROSENDALE - FOND DU LAC COUNTY,WI,44,42,42,0
69550,TOWN OF ROSENDALE - FOND DU LAC COUNTY,WI,42,35,35,0
69575,VILLAGE OF ROSHOLT - PORTAGE COUNTY,WI,8,7,7,0
69625,TOWN OF ROSS - FOREST COUNTY,WI,7,4,4,0
69725,VILLAGE OF ROTHSCHILD - MARATHON COUNTY,WI,395,357,356,1
69750,TOWN OF ROUND LAKE - SAWYER COUNTY,WI,122,117,117,0
69850,TOWN OF ROXBURY - DANE COUNTY,WI,160,153,153,0
69900,TOWN OF ROYALTON - WAUPACA COUNTY,WI,78,66,66,0
69962,TOWN OF RUBICON - DODGE COUNTY,WI,107,101,101,0
69975,TOWN OF RUBY - CHIPPEWA COUNTY,WI,12,9,9,0
70000,VILLAGE OF RUDOLPH - WOOD COUNTY,WI,22,17,17,0
70025,TOWN OF RUDOLPH - WOOD COUNTY,WI,47,46,46,0
70125,TOWN OF RUSHFORD - WINNEBAGO COUNTY,WI,84,68,68,0
70200,TOWN OF RUSH RIVER - ST. CROIX COUNTY,WI,25,22,22,0
70225,TOWN OF RUSK - BURNETT COUNTY,WI,25,23,23,0
70275,TOWN OF RUSK - RUSK COUNTY,WI,58,55,55,0
70300,TOWN OF RUSSELL - BAYFIELD COUNTY,WI,90,70,67,3
70325,TOWN OF RUSSELL - LINCOLN COUNTY,WI,26,21,21,0
70350,TOWN OF RUSSELL - SHEBOYGAN COUNTY,WI,17,16,16,0
70400,TOWN OF RUTLAND - DANE COUNTY,WI,240,233,229,4
70500,VILLAGE OF ST. CLOUD - FOND DU LAC COUNTY,WI,19,17,17,0
70550,CITY OF ST. CROIX FALLS - POLK COUNTY,WI,175,163,158,5
70575,TOWN OF ST. CROIX FALLS - POLK COUNTY,WI,46,45,45,0
70650,CITY OF ST. FRANCIS - MILWAUKEE COUNTY,WI,1100,970,968,2
70725,TOWN OF ST. GERMAIN - VILAS COUNTY,WI,319,291,290,1
70825,TOWN OF ST. JOSEPH - ST. CROIX COUNTY,WI,428,402,402,0
70900,TOWN OF SAINT LAWRENCE - WAUPACA COUNTY,WI,51,48,48,0
70925,TOWN OF ST. MARIE - GREEN LAKE COUNTY,WI,3,3,3,0
71025,VILLAGE OF ST. NAZIANZ - MANITOWOC COUNTY,WI,7,7,7,0
71150,TOWN OF SALEM - PIERCE COUNTY,WI,30,27,27,0
71163,VILLAGE OF SALEM LAKES - KENOSHA COUNTY,WI,949,861,854,7
71275,TOWN OF SAMPSON - CHIPPEWA COUNTY,WI,66,58,58,0
71350,TOWN OF SANBORN - ASHLAND COUNTY,WI,23,22,19,3
71425,TOWN OF SAND CREEK - DUNN COUNTY,WI,33,26,26,0
71450,TOWN OF SAND LAKE - BURNETT COUNTY,WI,42,42,39,3
71500,TOWN OF SAND LAKE - SAWYER COUNTY,WI,106,94,94,0
71600,TOWN OF SARATOGA - WOOD COUNTY,WI,284,268,266,2
71637,TOWN OF SARONA - WASHBURN COUNTY,WI,13,12,12,0
71650,VILLAGE OF SAUK CITY - SAUK COUNTY,WI,269,250,250,0
71700,VILLAGE OF SAUKVILLE - OZAUKEE COUNTY,WI,246,225,225,0
71725,TOWN OF SAUKVILLE - OZAUKEE COUNTY,WI,125,104,104,0
71825,TOWN OF SAXEVILLE - WAUSHARA COUNTY,WI,79,69,67,2
71875,TOWN OF SAXON - IRON COUNTY,WI,13,12,12,0
71975,VILLAGE OF SCANDINAVIA - WAUPACA COUNTY,WI,12,9,9,0
72000,TOWN OF SCANDINAVIA - WAUPACA COUNTY,WI,99,96,96,0
72075,TOWN OF SCHLESWIG - MANITOWOC COUNTY,WI,96,74,74,0
72100,TOWN OF SCHLEY - LINCOLN COUNTY,WI,31,30,29,1
72125,TOWN OF SCHOEPKE - ONEIDA COUNTY,WI,29,29,29,0
72150,CITY OF SCHOFIELD - MARATHON COUNTY,WI,116,109,108,1
72200,TOWN OF SCOTT - BROWN COUNTY,WI,305,286,286,0
72225,TOWN OF SCOTT - BURNETT COUNTY,WI,75,73,70,3
72250,TOWN OF SCOTT - COLUMBIA COUNTY,WI,24,23,23,0
72275,TOWN OF SCOTT - CRAWFORD COUNTY,WI,28,27,27,0
72300,TOWN OF SCOTT - LINCOLN COUNTY,WI,63,62,59,3
72325,TOWN OF SCOTT - MONROE COUNTY,WI,4,4,4,0
72350,TOWN OF SCOTT - SHEBOYGAN COUNTY,WI,75,66,66,0
72450,TOWN OF SEIF - CLARK COUNTY,WI,0,0,0,0
72500,TOWN OF SENECA - CRAWFORD COUNTY,WI,36,36,35,1
72525,TOWN OF SENECA - GREEN LAKE COUNTY,WI,13,13,13,0
72550,TOWN OF SENECA - SHAWANO COUNTY,WI,30,29,29,0
72575,TOWN OF SENECA - WOOD COUNTY,WI,78,63,63,0
72600,TOWN OF SEVASTOPOL - DOOR COUNTY,WI,403,363,353,10
72625,TOWN OF SEVEN MILE CREEK - JUNEAU COUNTY,WI,18,16,16,0
72675,TOWN OF SEYMOUR - EAU CLAIRE COUNTY,WI,192,171,168,3
72700,TOWN OF SEYMOUR - LAFAYETTE COUNTY,WI,11,10,10,0
72725,CITY OF SEYMOUR - OUTAGAMIE COUNTY,WI,185,168,168,0
72750,TOWN OF SEYMOUR - OUTAGAMIE COUNTY,WI,39,35,35,0
72825,TOWN OF SHANAGOLDEN - ASHLAND COUNTY,WI,6,6,6,0
72850,TOWN OF SHARON - PORTAGE COUNTY,WI,161,149,146,3
72875,VILLAGE OF SHARON - WALWORTH COUNTY,WI,32,28,28,0
72900,TOWN OF SHARON - WALWORTH COUNTY,WI,39,35,34,1
72925,CITY OF SHAWANO - SHAWANO COUNTY,WI,564,519,516,3
72975,CITY OF SHEBOYGAN - SHEBOYGAN COUNTY,WI,3214,2935,2915,20
73000,TOWN OF SHEBOYGAN - SHEBOYGAN COUNTY,WI,794,739,735,4
73025,CITY OF SHEBOYGAN FALLS - SHEBOYGAN COUNTY,WI,578,531,521,10
73050,TOWN OF SHEBOYGAN FALLS - SHEBOYGAN COUNTY,WI,101,92,90,2
73125,TOWN OF SHELBY - LA CROSSE COUNTY,WI,511,449,447,2
73150,TOWN OF SHELDON - MONROE COUNTY,WI,10,10,10,0
73175,VILLAGE OF SHELDON - RUSK COUNTY,WI,4,4,4,0
73200,CITY OF SHELL LAKE - WASHBURN COUNTY,WI,104,95,95,0
73300,TOWN OF SHERIDAN - DUNN COUNTY,WI,13,10,10,0
73350,TOWN OF SHERMAN - CLARK COUNTY,WI,29,28,28,0
73375,TOWN OF SHERMAN - DUNN COUNTY,WI,43,39,35,4
73400,TOWN OF SHERMAN - IRON COUNTY,WI,52,48,48,0
73425,TOWN OF SHERMAN - SHEBOYGAN COUNTY,WI,99,83,83,0
73475,TOWN OF SHERRY - WOOD COUNTY,WI,27,23,23,0
73525,VILLAGE OF SHERWOOD - CALUMET COUNTY,WI,262,240,240,0
73550,TOWN OF SHERWOOD - CLARK COUNTY,WI,19,19,19,0
73575,TOWN OF SHIELDS - DODGE COUNTY,WI,32,22,22,0
73600,TOWN OF SHIELDS - MARQUETTE COUNTY,WI,26,23,23,0
73625,VILLAGE OF SHIOCTON - OUTAGAMIE COUNTY,WI,15,15,15,0
73725,VILLAGE OF SHOREWOOD - MILWAUKEE COUNTY,WI,2689,2408,2378,30
73750,VILLAGE OF SHOREWOOD HILLS - DANE COUNTY,WI,597,523,515,8
73825,CITY OF SHULLSBURG - LAFAYETTE COUNTY,WI,86,81,80,1
73850,TOWN OF SHULLSBURG - LAFAYETTE COUNTY,WI,15,11,11,0
73875,TOWN OF SIGEL - CHIPPEWA COUNTY,WI,46,38,38,0
73900,TOWN OF SIGEL - WOOD COUNTY,WI,45,43,42,1
73975,TOWN OF SILVER CLIFF - MARINETTE COUNTY,WI,39,38,38,0
74125,TOWN OF SIOUX CREEK - BARRON COUNTY,WI,43,25,25,0
74175,VILLAGE OF SIREN - BURNETT COUNTY,WI,29,27,26,1
74200,TOWN OF SIREN - BURNETT COUNTY,WI,83,76,76,0
74225,VILLAGE OF SISTER BAY - DOOR COUNTY,WI,131,123,120,3
74250,TOWN OF SKANAWAN - LINCOLN COUNTY,WI,25,23,23,0
74400,VILLAGE OF SLINGER - WASHINGTON COUNTY,WI,360,328,326,2
74450,TOWN OF SMELSER - GRANT COUNTY,WI,66,61,61,0
74550,VILLAGE OF SOLDIERS GROVE - CRAWFORD COUNTY,WI,43,28,28,0
74575,VILLAGE OF SOLON SPRINGS - DOUGLAS COUNTY,WI,24,22,22,0
74600,TOWN OF SOLON SPRINGS - DOUGLAS COUNTY,WI,73,64,64,0
74625,VILLAGE OF SOMERS - KENOSHA COUNTY,WI,834,731,728,3
74650,TOWN OF SOMERS - KENOSHA COUNTY,WI,107,96,95,1
74675,VILLAGE OF SOMERSET - ST. CROIX COUNTY,WI,111,101,101,0
74700,TOWN OF SOMERSET - ST. CROIX COUNTY,WI,279,267,264,3
74725,TOWN OF SOMO - LINCOLN COUNTY,WI,6,4,4,0
74975,TOWN OF SOUTH FORK - RUSK COUNTY,WI,5,5,5,0
75075,TOWN OF SOUTH LANCASTER - GRANT COUNTY,WI,30,26,26,0
75125,CITY OF SOUTH MILWAUKEE - MILWAUKEE COUNTY,WI,1554,1416,1401,15
75275,VILLAGE OF SOUTH WAYNE - LAFAYETTE COUNTY,WI,10,7,7,0
75325,CITY OF SPARTA - MONROE COUNTY,WI,602,552,552,0
75350,TOWN OF SPARTA - MONROE COUNTY,WI,205,190,190,0
75400,VILLAGE OF SPENCER - MARATHON COUNTY,WI,61,54,53,1
75425,TOWN OF SPENCER - MARATHON COUNTY,WI,58,54,54,0
75450,TOWN OF SPIDER LAKE - SAWYER COUNTY,WI,47,43,43,0
75525,TOWN OF SPIRIT - PRICE COUNTY,WI,11,11,11,0
75625,CITY OF SPOONER - WASHBURN COUNTY,WI,123,117,115,2
75650,TOWN OF SPOONER - WASHBURN COUNTY,WI,59,58,40,18
75750,TOWN OF SPRING BROOK - DUNN COUNTY,WI,69,65,65,0
75800,TOWN OF SPRINGBROOK - WASHBURN COUNTY,WI,21,15,15,0
75850,TOWN OF SPRINGDALE - DANE COUNTY,WI,266,247,247,0
75875,TOWN OF SPRINGFIELD - DANE COUNTY,WI,273,256,252,4
75900,TOWN OF SPRINGFIELD - JACKSON COUNTY,WI,11,9,9,0
75925,TOWN OF SPRINGFIELD - MARQUETTE COUNTY,WI,62,53,53,0
75950,TOWN OF SPRINGFIELD - ST. CROIX COUNTY,WI,32,28,28,0
76025,VILLAGE OF SPRING GREEN - SAUK COUNTY,WI,201,188,184,4
76050,TOWN OF SPRING GREEN - SAUK COUNTY,WI,189,176,175,1
76075,TOWN OF SPRING GROVE - GREEN COUNTY,WI,22,20,20,0
76100,TOWN OF SPRING LAKE - PIERCE COUNTY,WI,24,23,23,0
76175,TOWN OF SPRING PRAIRIE - WALWORTH COUNTY,WI,226,200,200,0
76225,TOWN OF SPRINGVALE - COLUMBIA COUNTY,WI,32,32,32,0
76250,TOWN OF SPRINGVALE - FOND DU LAC COUNTY,WI,43,40,39,1
76300,VILLAGE OF SPRING VALLEY - MULTIPLE COUNTIES,WI,51,45,44,1
76325,TOWN OF SPRING VALLEY - ROCK COUNTY,WI,48,42,42,0
76350,TOWN OF SPRINGVILLE - ADAMS COUNTY,WI,111,88,88,0
76400,TOWN OF SPRINGWATER - WAUSHARA COUNTY,WI,149,130,129,1
76450,TOWN OF SPRUCE - OCONTO COUNTY,WI,58,53,53,0
76550,TOWN OF STANFOLD - BARRON COUNTY,WI,33,30,30,0
76600,TOWN OF STANLEY - BARRON COUNTY,WI,125,118,118,0
76625,CITY OF STANLEY - MULTIPLE COUNTIES,WI,69,53,51,2
76650,TOWN OF STANTON - DUNN COUNTY,WI,42,34,34,0
76675,TOWN OF STANTON - ST. CROIX COUNTY,WI,61,56,51,5
76725,TOWN OF STARK - VERNON COUNTY,WI,12,10,10,0
76825,VILLAGE OF STAR PRAIRIE - ST. CROIX COUNTY,WI,23,22,22,0
76850,TOWN OF STAR PRAIRIE - ST. CROIX COUNTY,WI,229,220,219,1
76975,TOWN OF STELLA - ONEIDA COUNTY,WI,43,40,40,0
77000,TOWN OF STEPHENSON - MARINETTE COUNTY,WI,317,271,271,0
77050,TOWN OF STERLING - POLK COUNTY,WI,33,30,30,0
77075,TOWN OF STERLING - VERNON COUNTY,WI,36,32,31,1
77100,VILLAGE OF STETSONVILLE - TAYLOR COUNTY,WI,22,19,19,0
77150,TOWN OF STETTIN - MARATHON COUNTY,WI,220,200,200,0
77175,VILLAGE OF STEUBEN - CRAWFORD COUNTY,WI,3,3,3,0
77200,CITY OF STEVENS POINT - PORTAGE COUNTY,WI,2370,2134,2121,13
77300,TOWN OF STILES - OCONTO COUNTY,WI,74,69,67,2
77350,TOWN OF STINNETT - WASHBURN COUNTY,WI,8,8,8,0
77400,VILLAGE OF STOCKBRIDGE - CALUMET COUNTY,WI,56,49,49,0
77425,TOWN OF STOCKBRIDGE - CALUMET COUNTY,WI,113,108,105,3
77475,VILLAGE OF STOCKHOLM - PEPIN COUNTY,WI,9,6,6,0
77500,TOWN OF STOCKHOLM - PEPIN COUNTY,WI,15,14,14,0
77537,TOWN OF STOCKTON - PORTAGE COUNTY,WI,183,162,162,0
77550,VILLAGE OF STODDARD - VERNON COUNTY,WI,53,49,49,0
77650,TOWN OF STONE LAKE - WASHBURN COUNTY,WI,33,31,31,0
77675,CITY OF STOUGHTON - DANE COUNTY,WI,1692,1559,1552,7
77750,VILLAGE OF STRATFORD - MARATHON COUNTY,WI,54,51,50,1
77775,TOWN OF STRICKLAND - RUSK COUNTY,WI,13,13,13,0
77800,TOWN OF STRONGS PRAIRIE - ADAMS COUNTY,WI,59,58,58,0
77825,VILLAGE OF STRUM - TREMPEALEAU COUNTY,WI,44,43,43,0
77850,TOWN OF STUBBS - RUSK COUNTY,WI,24,22,22,0
77875,CITY OF STURGEON BAY - DOOR COUNTY,WI,795,739,713,26
77900,TOWN OF STURGEON BAY - DOOR COUNTY,WI,64,58,53,5
77925,VILLAGE OF STURTEVANT - RACINE COUNTY,WI,346,327,327,0
77975,VILLAGE OF SUAMICO - BROWN COUNTY,WI,1156,1083,1075,8
78075,TOWN OF SUGAR CAMP - ONEIDA COUNTY,WI,165,149,149,0
78100,TOWN OF SUGAR CREEK - WALWORTH COUNTY,WI,320,277,277,0
78175,VILLAGE OF SULLIVAN - JEFFERSON COUNTY,WI,28,24,24,0
78200,TOWN OF SULLIVAN - JEFFERSON COUNTY,WI,186,175,162,13
78275,TOWN OF SUMMIT - DOUGLAS COUNTY,WI,61,53,52,1
78300,TOWN OF SUMMIT - JUNEAU COUNTY,WI,30,29,29,0
78325,TOWN OF SUMMIT - LANGLADE COUNTY,WI,4,4,4,0
78375,VILLAGE OF SUMMIT - WAUKESHA COUNTY,WI,513,478,472,6
78450,TOWN OF SUMNER - BARRON COUNTY,WI,21,18,18,0
78475,TOWN OF SUMNER - JEFFERSON COUNTY,WI,64,57,56,1
78500,TOWN OF SUMNER - TREMPEALEAU COUNTY,WI,0,0,0,0
78525,TOWN OF SUMPTER - SAUK COUNTY,WI,53,51,50,1
78600,CITY OF SUN PRAIRIE - DANE COUNTY,WI,4554,4211,4186,25
78625,TOWN OF SUN PRAIRIE - DANE COUNTY,WI,213,203,201,2
78650,CITY OF SUPERIOR - DOUGLAS COUNTY,WI,2578,2271,2262,9
78660,VILLAGE OF SUPERIOR - DOUGLAS COUNTY,WI,74,60,60,0
78675,TOWN OF SUPERIOR - DOUGLAS COUNTY,WI,158,145,144,1
78725,VILLAGE OF SURING - OCONTO COUNTY,WI,16,9,9,0
78750,VILLAGE OF SUSSEX - WAUKESHA COUNTY,WI,769,714,707,7
78775,TOWN OF SWISS - BURNETT COUNTY,WI,69,63,63,0
78825,TOWN OF SYLVAN - RICHLAND COUNTY,WI,15,13,13,0
78875,TOWN OF SYLVESTER - GREEN COUNTY,WI,60,55,55,0
78950,TOWN OF TAFT - TAYLOR COUNTY,WI,10,10,10,0
78975,TOWN OF TAINTER - DUNN COUNTY,WI,202,195,194,1
79125,TOWN OF TAYCHEEDAH - FOND DU LAC COUNTY,WI,323,291,289,2
79150,VILLAGE OF TAYLOR - JACKSON COUNTY,WI,10,9,9,0
79250,VILLAGE OF TENNYSON - GRANT COUNTY,WI,12,9,9,0
79350,TOWN OF TEXAS - MARATHON COUNTY,WI,102,95,93,2
79375,VILLAGE OF THERESA - DODGE COUNTY,WI,72,66,66,0
79425,TOWN OF THERESA - DODGE COUNTY,WI,42,38,38,0
79475,VILLAGE OF THIENSVILLE - OZAUKEE COUNTY,WI,247,222,220,2
79575,TOWN OF THORNAPPLE - RUSK COUNTY,WI,35,31,31,0
79625,CITY OF THORP - CLARK COUNTY,WI,34,32,31,1
79650,TOWN OF THORP - CLARK COUNTY,WI,19,18,18,0
79700,TOWN OF THREE LAKES - ONEIDA COUNTY,WI,249,237,237,0
79775,TOWN OF TIFFANY - DUNN COUNTY,WI,26,26,26,0
79825,VILLAGE OF TIGERTON - SHAWANO COUNTY,WI,19,16,16,0
79875,TOWN OF TILDEN - CHIPPEWA COUNTY,WI,111,106,104,2
79975,TOWN OF TIPLER - FLORENCE COUNTY,WI,8,8,8,0
80075,CITY OF TOMAH - MONROE COUNTY,WI,407,367,366,1
80100,TOWN OF TOMAH - MONROE COUNTY,WI,72,65,64,1
80125,CITY OF TOMAHAWK - LINCOLN COUNTY,WI,307,267,267,0
80150,TOWN OF TOMAHAWK - LINCOLN COUNTY,WI,49,44,41,3
80225,VILLAGE OF TONY - RUSK COUNTY,WI,0,0,0,0
80325,TOWN OF TOWNSEND - OCONTO COUNTY,WI,75,73,73,0
80375,TOWN OF TRADE LAKE - BURNETT COUNTY,WI,67,64,64,0
80450,TOWN OF TREGO - WASHBURN COUNTY,WI,104,98,98,0
80475,VILLAGE OF TREMPEALEAU - TREMPEALEAU COUNTY,WI,108,102,102,0
80500,TOWN OF TREMPEALEAU - TREMPEALEAU COUNTY,WI,106,89,89,0
80525,TOWN OF TRENTON - DODGE COUNTY,WI,57,49,49,0
80550,TOWN OF TRENTON - PIERCE COUNTY,WI,102,97,91,6
80575,TOWN OF TRENTON - WASHINGTON COUNTY,WI,451,412,403,9
80700,TOWN OF TRIMBELLE - PIERCE COUNTY,WI,75,67,66,1
80750,TOWN OF TRIPP - BAYFIELD COUNTY,WI,13,13,13,0
80800,TOWN OF TROY - ST. CROIX COUNTY,WI,464,423,418,5
80825,TOWN OF TROY - SAUK COUNTY,WI,46,43,43,0
80875,TOWN OF TROY - WALWORTH COUNTY,WI,180,171,168,3
80950,TOWN OF TRUE - RUSK COUNTY,WI,8,7,7,0
81050,TOWN OF TURTLE - ROCK COUNTY,WI,145,129,129,0
81075,VILLAGE OF TURTLE LAKE - MULTIPLE COUNTIES,WI,28,26,26,0
81100,TOWN OF TURTLE LAKE - BARRON COUNTY,WI,10,9,9,0
81250,VILLAGE OF TWIN LAKES - KENOSHA COUNTY,WI,430,383,379,4
81300,TOWN OF TWO CREEKS - MANITOWOC COUNTY,WI,20,20,20,0
81325,CITY OF TWO RIVERS - MANITOWOC COUNTY,WI,870,816,806,10
81350,TOWN OF TWO RIVERS - MANITOWOC COUNTY,WI,113,108,108,0
81475,TOWN OF UNDERHILL - OCONTO COUNTY,WI,44,43,37,6
81500,TOWN OF UNION - BURNETT COUNTY,WI,36,31,31,0
81525,TOWN OF UNION - DOOR COUNTY,WI,48,44,44,0
81550,TOWN OF UNION - EAU CLAIRE COUNTY,WI,207,179,168,11
81600,TOWN OF UNION - PIERCE COUNTY,WI,9,7,7,0
81650,TOWN OF UNION - ROCK COUNTY,WI,202,185,183,2
81675,TOWN OF UNION - VERNON COUNTY,WI,41,39,39,0
81700,TOWN OF UNION - WAUPACA COUNTY,WI,21,18,18,0
81725,VILLAGE OF UNION CENTER - JUNEAU COUNTY,WI,3,3,3,0
81775,VILLAGE OF UNION GROVE - RACINE COUNTY,WI,254,226,219,7
81825,TOWN OF UNITY - CLARK COUNTY,WI,25,24,24,0
81850,VILLAGE OF UNITY - MULTIPLE COUNTIES,WI,5,5,5,0
81875,TOWN OF UNITY - TREMPEALEAU COUNTY,WI,17,16,16,0
81950,TOWN OF UPHAM - LANGLADE COUNTY,WI,49,46,46,0
82100,TOWN OF UTICA - CRAWFORD COUNTY,WI,36,28,28,0
82175,TOWN OF UTICA - WINNEBAGO COUNTY,WI,67,61,59,2
82200,VILLAGE OF VALDERS - MANITOWOC COUNTY,WI,32,28,28,0
82375,TOWN OF VANCE CREEK - BARRON COUNTY,WI,15,15,15,0
82400,TOWN OF VANDENBROEK - OUTAGAMIE COUNTY,WI,91,84,76,8
82525,TOWN OF VERMONT - DANE COUNTY,WI,115,100,100,0
82575,VILLAGE OF VERNON - WAUKESHA COUNTY,WI,770,678,678,0
82600,CITY OF VERONA - DANE COUNTY,WI,1717,1579,1572,7
82625,TOWN OF VERONA - DANE COUNTY,WI,303,282,280,2
82650,VILLAGE OF VESPER - WOOD COUNTY,WI,19,17,17,0
82750,TOWN OF VIENNA - DANE COUNTY,WI,149,127,127,0
82825,TOWN OF VILAS - LANGLADE COUNTY,WI,2,2,2,0
82875,TOWN OF VINLAND - WINNEBAGO COUNTY,WI,178,166,166,0
82900,VILLAGE OF VIOLA - MULTIPLE COUNTIES,WI,28,27,27,0
82925,CITY OF VIROQUA - VERNON COUNTY,WI,432,399,390,9
82950,TOWN OF VIROQUA - VERNON COUNTY,WI,127,110,110,0
83025,TOWN OF WABENO - FOREST COUNTY,WI,44,35,35,0
83050,TOWN OF WAGNER - MARINETTE COUNTY,WI,48,43,43,0
83100,VILLAGE OF WALDO - SHEBOYGAN COUNTY,WI,14,9,9,0
83150,TOWN OF WALDWICK - IOWA COUNTY,WI,13,13,13,0
83175,VILLAGE OF WALES - WAUKESHA COUNTY,WI,213,189,188,1
83250,VILLAGE OF WALWORTH - WALWORTH COUNTY,WI,148,129,128,1
83275,TOWN OF WALWORTH - WALWORTH COUNTY,WI,88,85,83,2
83350,TOWN OF WARNER - CLARK COUNTY,WI,20,19,19,0
83400,TOWN OF WARREN - ST. CROIX COUNTY,WI,140,131,130,1
83425,TOWN OF WARREN - WAUSHARA COUNTY,WI,25,24,24,0
83450,VILLAGE OF WARRENS - MONROE COUNTY,WI,19,17,17,0
83512,TOWN OF WASCOTT - DOUGLAS COUNTY,WI,82,74,73,1
83525,CITY OF WASHBURN - BAYFIELD COUNTY,WI,235,227,225,2
83550,TOWN OF WASHBURN - BAYFIELD COUNTY,WI,65,61,60,1
83575,TOWN OF WASHBURN - CLARK COUNTY,WI,17,17,17,0
83600,TOWN OF WASHINGTON - DOOR COUNTY,WI,78,70,67,3
83612,TOWN OF WASHINGTON - EAU CLAIRE COUNTY,WI,696,630,624,6
83625,TOWN OF WASHINGTON - GREEN COUNTY,WI,39,34,31,3
83650,TOWN OF WASHINGTON - LA CROSSE COUNTY,WI,40,39,39,0
83675,TOWN OF WASHINGTON - RUSK COUNTY,WI,34,33,32,1
83700,TOWN OF WASHINGTON - SAUK COUNTY,WI,23,22,22,0
83725,TOWN OF WASHINGTON - SHAWANO COUNTY,WI,119,113,113,0
83750,TOWN OF WASHINGTON - VILAS COUNTY,WI,204,194,194,0
83825,VILLAGE OF WATERFORD - RACINE COUNTY,WI,390,343,340,3
83850,TOWN OF WATERFORD - RACINE COUNTY,WI,584,542,542,0
83900,TOWN OF WATERLOO - GRANT COUNTY,WI,20,18,17,1
83925,CITY OF WATERLOO - JEFFERSON COUNTY,WI,200,165,163,2
83950,TOWN OF WATERLOO - JEFFERSON COUNTY,WI,57,43,43,0
83975,CITY OF WATERTOWN - MULTIPLE COUNTIES,WI,1257,1153,1141,12
84000,TOWN OF WATERTOWN - JEFFERSON COUNTY,WI,123,114,114,0
84025,TOWN OF WATERVILLE - PEPIN COUNTY,WI,20,20,20,0
84075,TOWN OF WATTERSTOWN - GRANT COUNTY,WI,11,9,9,0
84100,TOWN OF WAUBEEK - PEPIN COUNTY,WI,29,25,25,0
84225,TOWN OF WAUKECHON - SHAWANO COUNTY,WI,35,33,31,2
84250,CITY OF WAUKESHA - WAUKESHA COUNTY,WI,7372,6326,6283,43
84275,VILLAGE OF WAUKESHA - WAUKESHA COUNTY,WI,1041,912,899,13
84325,TOWN OF WAUMANDEE - BUFFALO COUNTY,WI,36,32,32,0
84350,VILLAGE OF WAUNAKEE - DANE COUNTY,WI,2160,1975,1961,14
84375,CITY OF WAUPACA - WAUPACA COUNTY,WI,417,391,388,3
84400,TOWN OF WAUPACA - WAUPACA COUNTY,WI,46,39,39,0
84425,CITY OF WAUPUN - MULTIPLE COUNTIES,WI,497,464,462,2
84450,TOWN OF WAUPUN - FOND DU LAC COUNTY,WI,51,45,45,0
84475,CITY OF WAUSAU - MARATHON COUNTY,WI,3503,3195,3166,29
84500,TOWN OF WAUSAU - MARATHON COUNTY,WI,158,147,144,3
84525,VILLAGE OF WAUSAUKEE - MARINETTE COUNTY,WI,17,13,13,0
84550,TOWN OF WAUSAUKEE - MARINETTE COUNTY,WI,41,40,40,0
84625,CITY OF WAUTOMA - WAUSHARA COUNTY,WI,70,61,61,0
84650,TOWN OF WAUTOMA - WAUSHARA COUNTY,WI,66,62,61,1
84675,CITY OF WAUWATOSA - MILWAUKEE COUNTY,WI,6873,6363,6308,55
84725,VILLAGE OF WAUZEKA - CRAWFORD COUNTY,WI,14,14,14,0
84750,TOWN OF WAUZEKA - CRAWFORD COUNTY,WI,15,15,15,0
84850,TOWN OF WAYNE - LAFAYETTE COUNTY,WI,45,44,44,0
84900,TOWN OF WAYNE - WASHINGTON COUNTY,WI,125,116,115,1
84975,TOWN OF WEBB LAKE - BURNETT COUNTY,WI,63,59,53,6
85025,VILLAGE OF WEBSTER - BURNETT COUNTY,WI,33,29,29,0
85050,TOWN OF WEBSTER - VERNON COUNTY,WI,41,41,41,0
85100,TOWN OF WEIRGOR - SAWYER COUNTY,WI,15,13,13,0
85125,TOWN OF WELLINGTON - MONROE COUNTY,WI,12,8,8,0
85150,TOWN OF WELLS - MONROE COUNTY,WI,36,35,35,0
85275,TOWN OF WESCOTT - SHAWANO COUNTY,WI,259,240,240,0
85300,CITY OF WEST ALLIS - MILWAUKEE COUNTY,WI,5030,4569,4546,23
85325,VILLAGE OF WEST BARABOO - SAUK COUNTY,WI,87,64,64,0
85350,CITY OF WEST BEND - WASHINGTON COUNTY,WI,2576,2364,2323,41
85375,TOWN OF WEST BEND - WASHINGTON COUNTY,WI,483,444,434,10
85450,TOWN OF WESTBORO - TAYLOR COUNTY,WI,31,31,31,0
85475,CITY OF WESTBY - VERNON COUNTY,WI,140,126,123,3
85575,VILLAGE OF WESTFIELD - MARQUETTE COUNTY,WI,28,26,26,0
85600,TOWN OF WESTFIELD - MARQUETTE COUNTY,WI,62,59,59,0
85625,TOWN OF WESTFIELD - SAUK COUNTY,WI,11,10,10,0
85650,TOWN OF WESTFORD - DODGE COUNTY,WI,92,88,84,4
85675,TOWN OF WESTFORD - RICHLAND COUNTY,WI,34,33,33,0
85775,TOWN OF WEST KEWAUNEE - KEWAUNEE COUNTY,WI,54,52,47,5
85850,TOWN OF WEST MARSHLAND - BURNETT COUNTY,WI,18,17,17,0
85875,VILLAGE OF WEST MILWAUKEE - MILWAUKEE COUNTY,WI,193,165,162,3
85925,TOWN OF WESTON - CLARK COUNTY,WI,28,28,28,0
85975,TOWN OF WESTON - DUNN COUNTY,WI,25,22,22,0
86025,VILLAGE OF WESTON - MARATHON COUNTY,WI,1232,1138,1130,8
86050,TOWN OF WESTON - MARATHON COUNTY,WI,37,36,34,2
86100,TOWN OF WEST POINT - COLUMBIA COUNTY,WI,201,185,183,2
86125,TOWN OF WESTPORT - DANE COUNTY,WI,778,695,694,1
86275,VILLAGE OF WEST SALEM - LA CROSSE COUNTY,WI,347,319,316,3
86350,TOWN OF WEST SWEDEN - POLK COUNTY,WI,37,33,33,0
86400,CITY OF WEYAUWEGA - WAUPACA COUNTY,WI,47,43,42,1
86425,TOWN OF WEYAUWEGA - WAUPACA COUNTY,WI,18,16,16,0
86450,VILLAGE OF WEYERHAEUSER - RUSK COUNTY,WI,4,3,3,0
86500,TOWN OF WHEATLAND - KENOSHA COUNTY,WI,214,204,204,0
86525,TOWN OF WHEATLAND - VERNON COUNTY,WI,25,25,24,1
86537,TOWN OF WHEATON - CHIPPEWA COUNTY,WI,229,214,214,0
86575,VILLAGE OF WHEELER - DUNN COUNTY,WI,8,8,8,0
86700,VILLAGE OF WHITEFISH BAY - MILWAUKEE COUNTY,WI,2368,2196,2175,21
86725,CITY OF WHITEHALL - TREMPEALEAU COUNTY,WI,93,87,87,0
86750,VILLAGE OF WHITE LAKE - LANGLADE COUNTY,WI,26,25,25,0
86775,VILLAGE OF WHITELAW - MANITOWOC COUNTY,WI,17,16,16,0
86800,TOWN OF WHITE OAK SPRINGS - LAFAYETTE COUNTY,WI,6,6,6,0
86850,TOWN OF WHITE RIVER - ASHLAND COUNTY,WI,46,36,33,3
86900,TOWN OF WHITESTOWN - VERNON COUNTY,WI,29,28,27,1
86925,CITY OF WHITEWATER - MULTIPLE COUNTIES,WI,692,602,602,0
86950,TOWN OF WHITEWATER - WALWORTH COUNTY,WI,138,123,122,1
86975,VILLAGE OF WHITING - PORTAGE COUNTY,WI,160,146,146,0
87025,TOWN OF WIEN - MARATHON COUNTY,WI,18,17,17,0
87075,VILLAGE OF WILD ROSE - WAUSHARA COUNTY,WI,41,37,37,0
87125,TOWN OF WILKINSON - RUSK COUNTY,WI,1,1,1,0
87175,TOWN OF WILLARD - RUSK COUNTY,WI,28,26,25,1
87200,VILLAGE OF WILLIAMS BAY - WALWORTH COUNTY,WI,290,276,273,3
87225,TOWN OF WILLIAMSTOWN - DODGE COUNTY,WI,0,0,0,0
87250,TOWN OF WILLOW - RICHLAND COUNTY,WI,16,15,15,0
87275,TOWN OF WILLOW SPRINGS - LAFAYETTE COUNTY,WI,34,31,31,0
87375,TOWN OF WILSON - DUNN COUNTY,WI,30,29,28,1
87400,TOWN OF WILSON - EAU CLAIRE COUNTY,WI,10,9,9,0
87425,TOWN OF WILSON - LINCOLN COUNTY,WI,22,22,22,0
87450,TOWN OF WILSON - RUSK COUNTY,WI,4,4,4,0
87475,VILLAGE OF WILSON - ST. CROIX COUNTY,WI,7,4,4,0
87500,TOWN OF WILSON - SHEBOYGAN COUNTY,WI,338,298,298,0
87525,VILLAGE OF WILTON - MONROE COUNTY,WI,23,18,18,0
87550,TOWN OF WILTON - MONROE COUNTY,WI,18,18,18,0
87600,TOWN OF WINCHESTER - VILAS COUNTY,WI,71,63,62,1
87650,TOWN OF WINCHESTER - WINNEBAGO COUNTY,WI,145,132,130,2
87700,VILLAGE OF WIND POINT - RACINE COUNTY,WI,240,210,209,1
87725,VILLAGE OF WINDSOR - DANE COUNTY,WI,1009,956,951,5
87775,TOWN OF WINFIELD - SAUK COUNTY,WI,44,41,41,0
87800,TOWN OF WINGVILLE - GRANT COUNTY,WI,12,12,12,0
87900,VILLAGE OF WINNECONNE - WINNEBAGO COUNTY,WI,116,100,99,1
87925,TOWN OF WINNECONNE - WINNEBAGO COUNTY,WI,188,181,181,0
87975,VILLAGE OF WINTER - SAWYER COUNTY,WI,17,15,15,0
88000,TOWN OF WINTER - SAWYER COUNTY,WI,89,88,88,0
88050,TOWN OF WIOTA - LAFAYETTE COUNTY,WI,30,28,28,0
88150,CITY OF WISCONSIN DELLS - MULTIPLE COUNTIES,WI,169,149,149,0
88200,CITY OF WISCONSIN RAPIDS - WOOD COUNTY,WI,1246,1148,1117,31
88275,VILLAGE OF WITHEE - CLARK COUNTY,WI,5,5,5,0
88300,TOWN OF WITHEE - CLARK COUNTY,WI,29,27,27,0
88325,VILLAGE OF WITTENBERG - SHAWANO COUNTY,WI,24,19,19,0
88350,TOWN OF WITTENBERG - SHAWANO COUNTY,WI,26,24,24,0
88450,TOWN OF WOLF RIVER - LANGLADE COUNTY,WI,65,63,63,0
88475,TOWN OF WOLF RIVER - WINNEBAGO COUNTY,WI,104,100,100,0
88500,VILLAGE OF WONEWOC - JUNEAU COUNTY,WI,16,14,14,0
88525,TOWN OF WONEWOC - JUNEAU COUNTY,WI,28,26,26,0
88575,TOWN OF WOOD - WOOD COUNTY,WI,36,32,32,0
88625,TOWN OF WOODBORO - ONEIDA COUNTY,WI,68,58,58,0
88775,TOWN OF WOODLAND - SAUK COUNTY,WI,43,42,42,0
88825,VILLAGE OF WOODMAN - GRANT COUNTY,WI,2,2,2,0
88850,TOWN OF WOODMAN - GRANT COUNTY,WI,11,9,9,0
88875,TOWN OF WOODMOHR - CHIPPEWA COUNTY,WI,48,44,44,0
88900,TOWN OF WOOD RIVER - BURNETT COUNTY,WI,57,48,48,0
88950,TOWN OF WOODRUFF - ONEIDA COUNTY,WI,224,199,196,3
89000,TOWN OF WOODVILLE - CALUMET COUNTY,WI,42,42,42,0
89025,VILLAGE OF WOODVILLE - ST. CROIX COUNTY,WI,41,39,39,0
89100,TOWN OF WORCESTER - PRICE COUNTY,WI,126,112,102,10
89125,TOWN OF WORDEN - CLARK COUNTY,WI,15,12,12,0
89150,VILLAGE OF WRIGHTSTOWN - MULTIPLE COUNTIES,WI,187,165,165,0
89175,TOWN OF WRIGHTSTOWN - BROWN COUNTY,WI,162,151,150,1
89250,TOWN OF WYALUSING - GRANT COUNTY,WI,21,19,19,0
89275,VILLAGE OF WYEVILLE - MONROE COUNTY,WI,4,2,2,0
89300,VILLAGE OF WYOCENA - COLUMBIA COUNTY,WI,12,10,10,0
89325,TOWN OF WYOCENA - COLUMBIA COUNTY,WI,104,100,100,0
89350,TOWN OF WYOMING - IOWA COUNTY,WI,32,30,30,0
89375,TOWN OF WYOMING - WAUPACA COUNTY,WI,19,19,19,0
89425,TOWN OF YORK - CLARK COUNTY,WI,36,33,33,0
89450,TOWN OF YORK - DANE COUNTY,WI,42,39,39,0
89475,TOWN OF YORK - GREEN COUNTY,WI,91,85,84,1
89550,VILLAGE OF YORKVILLE - RACINE COUNTY,WI,242,218,218,0
89625,VILLAGE OF YUBA - RICHLAND COUNTY,WI,0,0,0,0
