FIPSCode,Jurisdiction_Name,State_Abbr,C1a,C1b,C8a,C9a
00100,CITY OF ABBOTSFORD - MULTIPLE COUNTIES,WI,61,59,59,0
00175,TOWN OF ABRAMS - OCONTO COUNTY,WI,193,185,185,0
00225,TOWN OF ACKLEY - LANGLADE COUNTY,WI,31,30,28,2
00275,CITY OF ADAMS - ADAMS COUNTY,WI,75,70,70,0
00300,TOWN OF ADAMS - ADAMS COUNTY,WI,139,127,127,0
00325,TOWN OF ADAMS - GREEN COUNTY,WI,36,30,30,0
00350,TOWN OF ADAMS - JACKSON COUNTY,WI,136,132,132,0
00425,TOWN OF ADDISON - WASHINGTON COUNTY,WI,237,227,225,2
00450,VILLAGE OF ADELL - SHEBOYGAN COUNTY,WI,17,14,14,0
00475,TOWN OF ADRIAN - MONROE COUNTY,WI,34,30,29,1
00550,TOWN OF AGENDA - ASHLAND COUNTY,WI,29,28,28,0
00600,TOWN OF AHNAPEE - KEWAUNEE COUNTY,WI,72,69,69,0
00625,TOWN OF AINSWORTH - LANGLADE COUNTY,WI,21,20,19,1
00675,TOWN OF AKAN - RICHLAND COUNTY,WI,42,34,34,0
00725,TOWN OF ALBAN - PORTAGE COUNTY,WI,62,59,59,0
00750,VILLAGE OF ALBANY - GREEN COUNTY,WI,45,44,44,0
00775,TOWN OF ALBANY - GREEN COUNTY,WI,113,110,110,0
00800,TOWN OF ALBANY - PEPIN COUNTY,WI,22,20,20,0
00875,TOWN OF ALBION - DANE COUNTY,WI,160,148,148,0
00900,TOWN OF ALBION - JACKSON COUNTY,WI,59,55,55,0
00925,TOWN OF ALBION - TREMPEALEAU COUNTY,WI,46,41,41,0
00950,TOWN OF ALDEN - POLK COUNTY,WI,674,650,650,0
01000,CITY OF ALGOMA - KEWAUNEE COUNTY,WI,326,315,312,3
01025,TOWN OF ALGOMA - WINNEBAGO COUNTY,WI,964,919,915,4
01150,VILLAGE OF ALLOUEZ - BROWN COUNTY,WI,1779,1704,1699,5
01225,CITY OF ALMA - BUFFALO COUNTY,WI,66,64,64,0
01250,TOWN OF ALMA - BUFFALO COUNTY,WI,16,14,14,0
01275,TOWN OF ALMA - JACKSON COUNTY,WI,73,66,61,5
01300,VILLAGE OF ALMA CENTER - JACKSON COUNTY,WI,21,21,21,0
01325,VILLAGE OF ALMENA - BARRON COUNTY,WI,16,15,15,0
01350,TOWN OF ALMENA - BARRON COUNTY,WI,79,69,67,2
01375,TOWN OF ALMON - SHAWANO COUNTY,WI,20,20,20,0
01400,VILLAGE OF ALMOND - PORTAGE COUNTY,WI,23,23,23,0
01425,TOWN OF ALMOND - PORTAGE COUNTY,WI,50,48,48,0
01525,TOWN OF ALTO - FOND DU LAC COUNTY,WI,50,48,48,0
01550,CITY OF ALTOONA - EAU CLAIRE COUNTY,WI,962,910,905,5
01625,TOWN OF ALVIN - FOREST COUNTY,WI,5,4,2,2
01675,TOWN OF AMBERG - MARINETTE COUNTY,WI,57,52,52,0
01725,CITY OF AMERY - POLK COUNTY,WI,248,234,233,1
01750,VILLAGE OF AMHERST - PORTAGE COUNTY,WI,89,84,84,0
01775,TOWN OF AMHERST - PORTAGE COUNTY,WI,153,149,149,0
01800,VILLAGE OF AMHERST JUNCTION - PORTAGE COUNTY,WI,25,22,22,0
01825,TOWN OF AMNICON - DOUGLAS COUNTY,WI,89,81,81,0
01900,TOWN OF ANDERSON - BURNETT COUNTY,WI,27,22,22,0
01925,TOWN OF ANDERSON - IRON COUNTY,WI,7,7,7,0
01975,TOWN OF ANGELICA - SHAWANO COUNTY,WI,135,130,130,0
02025,TOWN OF ANGELO - MONROE COUNTY,WI,72,65,65,0
02075,VILLAGE OF ANIWA - SHAWANO COUNTY,WI,15,15,15,0
02100,TOWN OF ANIWA - SHAWANO COUNTY,WI,23,22,22,0
02175,TOWN OF ANSON - CHIPPEWA COUNTY,WI,242,235,234,1
02250,CITY OF ANTIGO - LANGLADE COUNTY,WI,536,495,493,2
02275,TOWN OF ANTIGO - LANGLADE COUNTY,WI,144,142,142,0
02350,TOWN OF APPLE RIVER - POLK COUNTY,WI,86,79,79,0
02375,CITY OF APPLETON - MULTIPLE COUNTIES,WI,9050,8563,8501,62
02450,TOWN OF ARBOR VITAE - VILAS COUNTY,WI,447,425,421,4
02500,CITY OF ARCADIA - TREMPEALEAU COUNTY,WI,83,78,78,0
02525,TOWN OF ARCADIA - TREMPEALEAU COUNTY,WI,124,90,90,0
02550,VILLAGE OF ARENA - IOWA COUNTY,WI,61,56,56,0
02575,TOWN OF ARENA - IOWA COUNTY,WI,156,152,152,0
02625,TOWN OF ARGONNE - FOREST COUNTY,WI,43,40,40,0
02650,VILLAGE OF ARGYLE - LAFAYETTE COUNTY,WI,68,62,62,0
02675,TOWN OF ARGYLE - LAFAYETTE COUNTY,WI,28,28,28,0
02775,TOWN OF ARLAND - BARRON COUNTY,WI,37,34,34,0
02800,VILLAGE OF ARLINGTON - COLUMBIA COUNTY,WI,59,50,50,0
02825,TOWN OF ARLINGTON - COLUMBIA COUNTY,WI,91,89,89,0
02850,TOWN OF ARMENIA - JUNEAU COUNTY,WI,82,74,73,1
02950,TOWN OF ARMSTRONG CREEK - FOREST COUNTY,WI,32,28,28,0
03025,VILLAGE OF ARPIN - WOOD COUNTY,WI,21,21,21,0
03050,TOWN OF ARPIN - WOOD COUNTY,WI,53,50,50,0
03075,TOWN OF ARTHUR - CHIPPEWA COUNTY,WI,38,34,34,0
03150,TOWN OF ASHFORD - FOND DU LAC COUNTY,WI,145,136,136,0
03200,TOWN OF ASHIPPUN - DODGE COUNTY,WI,213,201,199,2
03225,CITY OF ASHLAND - MULTIPLE COUNTIES,WI,682,646,644,2
03250,TOWN OF ASHLAND - ASHLAND COUNTY,WI,55,53,52,1
03425,VILLAGE OF ASHWAUBENON - BROWN COUNTY,WI,1924,1793,1783,10
03525,TOWN OF ATHELSTANE - MARINETTE COUNTY,WI,54,53,52,1
03550,VILLAGE OF ATHENS - MARATHON COUNTY,WI,67,62,62,0
03600,TOWN OF ATLANTA - RUSK COUNTY,WI,23,21,21,0
03725,TOWN OF AUBURN - CHIPPEWA COUNTY,WI,42,36,36,0
03750,TOWN OF AUBURN - FOND DU LAC COUNTY,WI,223,213,213,0
03775,VILLAGE OF AUBURNDALE - WOOD COUNTY,WI,40,40,40,0
03800,TOWN OF AUBURNDALE - WOOD COUNTY,WI,41,39,39,0
03825,CITY OF AUGUSTA - EAU CLAIRE COUNTY,WI,61,54,53,1
03875,TOWN OF AURORA - FLORENCE COUNTY,WI,82,76,72,4
03900,TOWN OF AURORA - TAYLOR COUNTY,WI,18,17,17,0
03925,TOWN OF AURORA - WAUSHARA COUNTY,WI,67,65,64,1
04025,VILLAGE OF AVOCA - IOWA COUNTY,WI,17,15,15,0
04100,TOWN OF AVON - ROCK COUNTY,WI,46,43,43,0
04125,TOWN OF AZTALAN - JEFFERSON COUNTY,WI,171,165,165,0
04250,VILLAGE OF BAGLEY - GRANT COUNTY,WI,35,35,35,0
04275,TOWN OF BAGLEY - OCONTO COUNTY,WI,21,19,19,0
04325,TOWN OF BAILEYS HARBOR - DOOR COUNTY,WI,175,168,167,1
04400,VILLAGE OF BALDWIN - ST. CROIX COUNTY,WI,303,281,279,2
04425,TOWN OF BALDWIN - ST. CROIX COUNTY,WI,54,51,51,0
04475,VILLAGE OF BALSAM LAKE - POLK COUNTY,WI,111,106,106,0
04500,TOWN OF BALSAM LAKE - POLK COUNTY,WI,100,97,97,0
04550,VILLAGE OF BANGOR - LA CROSSE COUNTY,WI,88,82,81,1
04575,TOWN OF BANGOR - LA CROSSE COUNTY,WI,46,45,44,1
04625,CITY OF BARABOO - SAUK COUNTY,WI,1224,1153,1145,8
04650,TOWN OF BARABOO - SAUK COUNTY,WI,185,175,174,1
04725,TOWN OF BARKSDALE - BAYFIELD COUNTY,WI,87,80,80,0
04750,TOWN OF BARNES - BAYFIELD COUNTY,WI,120,112,112,0
04775,VILLAGE OF BARNEVELD - IOWA COUNTY,WI,100,97,97,0
04825,TOWN OF BARRE - LA CROSSE COUNTY,WI,94,88,88,0
04875,CITY OF BARRON - BARRON COUNTY,WI,227,205,205,0
04900,TOWN OF BARRON - BARRON COUNTY,WI,40,35,34,1
04950,TOWN OF BARRONETT - WASHBURN COUNTY,WI,31,28,28,0
05000,TOWN OF BARTELME - SHAWANO COUNTY,WI,26,26,26,0
05050,TOWN OF BARTON - WASHINGTON COUNTY,WI,268,254,253,1
05125,TOWN OF BASHAW - WASHBURN COUNTY,WI,114,113,112,1
05200,TOWN OF BASS LAKE - SAWYER COUNTY,WI,239,221,221,0
05225,TOWN OF BASS LAKE - WASHBURN COUNTY,WI,34,32,32,0
05325,VILLAGE OF BAY CITY - PIERCE COUNTY,WI,22,21,21,0
05350,CITY OF BAYFIELD - BAYFIELD COUNTY,WI,76,73,73,0
05375,TOWN OF BAYFIELD - BAYFIELD COUNTY,WI,126,118,118,0
05450,VILLAGE OF BAYSIDE - MULTIPLE COUNTIES,WI,1065,1008,1001,7
05475,TOWN OF BAYVIEW - BAYFIELD COUNTY,WI,62,62,62,0
05550,TOWN OF BEAR BLUFF - JACKSON COUNTY,WI,7,7,7,0
05575,VILLAGE OF BEAR CREEK - OUTAGAMIE COUNTY,WI,6,6,6,0
05600,TOWN OF BEAR CREEK - SAUK COUNTY,WI,38,38,37,1
05625,TOWN OF BEAR CREEK - WAUPACA COUNTY,WI,30,27,27,0
05650,TOWN OF BEAR LAKE - BARRON COUNTY,WI,67,61,61,0
05750,TOWN OF BEAVER - CLARK COUNTY,WI,24,22,22,0
05800,TOWN OF BEAVER - MARINETTE COUNTY,WI,74,68,68,0
05825,TOWN OF BEAVER - POLK COUNTY,WI,61,59,59,0
05875,TOWN OF BEAVER BROOK - WASHBURN COUNTY,WI,74,70,70,0
05900,CITY OF BEAVER DAM - DODGE COUNTY,WI,1364,1247,1247,0
05925,TOWN OF BEAVER DAM - DODGE COUNTY,WI,503,470,467,3
06000,TOWN OF BEECHER - MARINETTE COUNTY,WI,63,60,60,0
06100,TOWN OF BEETOWN - GRANT COUNTY,WI,29,27,27,0
06150,VILLAGE OF BELGIUM - OZAUKEE COUNTY,WI,220,211,211,0
06175,TOWN OF BELGIUM - OZAUKEE COUNTY,WI,175,168,168,0
06200,TOWN OF BELL - BAYFIELD COUNTY,WI,60,55,55,0
06225,VILLAGE OF BELL CENTER - CRAWFORD COUNTY,WI,9,9,9,0
06275,TOWN OF BELLE PLAINE - SHAWANO COUNTY,WI,150,146,145,1
06300,VILLAGE OF BELLEVILLE - MULTIPLE COUNTIES,WI,395,372,372,0
06350,VILLAGE OF BELLEVUE - BROWN COUNTY,WI,2400,2302,2294,8
06425,VILLAGE OF BELMONT - LAFAYETTE COUNTY,WI,42,39,38,1
06450,TOWN OF BELMONT - LAFAYETTE COUNTY,WI,42,40,40,0
06475,TOWN OF BELMONT - PORTAGE COUNTY,WI,67,64,63,1
06500,CITY OF BELOIT - ROCK COUNTY,WI,2398,2212,2197,15
06525,TOWN OF BELOIT - ROCK COUNTY,WI,771,718,713,5
06675,TOWN OF BELVIDERE - BUFFALO COUNTY,WI,20,19,18,1
06775,TOWN OF BENNETT - DOUGLAS COUNTY,WI,57,52,51,1
06825,VILLAGE OF BENTON - LAFAYETTE COUNTY,WI,63,55,55,0
06850,TOWN OF BENTON - LAFAYETTE COUNTY,WI,24,24,24,0
06875,TOWN OF BERGEN - MARATHON COUNTY,WI,65,64,64,0
06900,TOWN OF BERGEN - VERNON COUNTY,WI,180,174,169,5
06925,CITY OF BERLIN - MULTIPLE COUNTIES,WI,359,343,340,3
06950,TOWN OF BERLIN - GREEN LAKE COUNTY,WI,71,67,66,1
06975,TOWN OF BERLIN - MARATHON COUNTY,WI,82,77,77,0
07000,TOWN OF BERN - MARATHON COUNTY,WI,22,22,22,0
07025,TOWN OF BERRY - DANE COUNTY,WI,126,119,119,0
07125,TOWN OF BEVENT - MARATHON COUNTY,WI,75,72,70,2
07175,TOWN OF BIG BEND - RUSK COUNTY,WI,33,32,32,0
07200,VILLAGE OF BIG BEND - WAUKESHA COUNTY,WI,122,108,108,0
07225,TOWN OF BIG FALLS - RUSK COUNTY,WI,6,4,4,0
07250,VILLAGE OF BIG FALLS - WAUPACA COUNTY,WI,3,3,3,0
07300,TOWN OF BIG FLATS - ADAMS COUNTY,WI,67,60,60,0
07500,TOWN OF BIRCH - LINCOLN COUNTY,WI,18,18,16,2
07525,TOWN OF BIRCH CREEK - CHIPPEWA COUNTY,WI,42,41,41,0
07550,VILLAGE OF BIRCHWOOD - WASHBURN COUNTY,WI,24,24,24,0
07575,TOWN OF BIRCHWOOD - WASHBURN COUNTY,WI,96,89,89,0
07600,VILLAGE OF BIRNAMWOOD - MULTIPLE COUNTIES,WI,41,38,37,1
07625,TOWN OF BIRNAMWOOD - SHAWANO COUNTY,WI,33,30,30,0
07650,VILLAGE OF BIRON - WOOD COUNTY,WI,71,66,66,0
07700,TOWN OF BLACK BROOK - POLK COUNTY,WI,119,116,114,2
07725,VILLAGE OF BLACK CREEK - OUTAGAMIE COUNTY,WI,84,80,79,1
07750,TOWN OF BLACK CREEK - OUTAGAMIE COUNTY,WI,83,79,78,1
07800,VILLAGE OF BLACK EARTH - DANE COUNTY,WI,136,128,127,1
07825,TOWN OF BLACK EARTH - DANE COUNTY,WI,71,67,67,0
07900,CITY OF BLACK RIVER FALLS - JACKSON COUNTY,WI,213,203,203,0
07950,TOWN OF BLACKWELL - FOREST COUNTY,WI,5,4,4,0
08000,TOWN OF BLACK WOLF - WINNEBAGO COUNTY,WI,293,286,285,1
08025,TOWN OF BLAINE - BURNETT COUNTY,WI,22,20,20,0
08075,CITY OF BLAIR - TREMPEALEAU COUNTY,WI,61,58,58,0
08100,TOWN OF BLANCHARD - LAFAYETTE COUNTY,WI,23,22,22,0
08125,VILLAGE OF BLANCHARDVILLE - MULTIPLE COUNTIES,WI,60,56,56,0
08175,TOWN OF BLOOM - RICHLAND COUNTY,WI,31,26,26,0
08225,CITY OF BLOOMER - CHIPPEWA COUNTY,WI,350,335,334,1
08250,TOWN OF BLOOMER - CHIPPEWA COUNTY,WI,72,68,67,1
08265,VILLAGE OF BLOOMFIELD - WALWORTH COUNTY,WI,512,455,447,8
08275,TOWN OF BLOOMFIELD - WALWORTH COUNTY,WI,5,5,5,0
08300,TOWN OF BLOOMFIELD - WAUSHARA COUNTY,WI,86,79,79,0
08350,TOWN OF BLOOMING GROVE - DANE COUNTY,WI,209,201,201,0
08375,VILLAGE OF BLOOMINGTON - GRANT COUNTY,WI,35,33,32,1
08400,TOWN OF BLOOMINGTON - GRANT COUNTY,WI,26,26,26,0
08475,VILLAGE OF BLUE MOUNDS - DANE COUNTY,WI,86,80,79,1
08500,TOWN OF BLUE MOUNDS - DANE COUNTY,WI,99,94,92,2
08525,VILLAGE OF BLUE RIVER - GRANT COUNTY,WI,12,11,11,0
08600,VILLAGE OF BOAZ - RICHLAND COUNTY,WI,2,2,2,0
08725,VILLAGE OF BONDUEL - SHAWANO COUNTY,WI,115,110,110,0
08750,TOWN OF BONE LAKE - POLK COUNTY,WI,41,38,37,1
08850,CITY OF BOSCOBEL - GRANT COUNTY,WI,266,264,262,2
08875,TOWN OF BOSCOBEL - GRANT COUNTY,WI,12,12,12,0
08950,TOWN OF BOULDER JUNCTION - VILAS COUNTY,WI,162,156,153,3
08975,TOWN OF BOVINA - OUTAGAMIE COUNTY,WI,87,85,83,2
09025,VILLAGE OF BOWLER - SHAWANO COUNTY,WI,14,14,14,0
09050,VILLAGE OF BOYCEVILLE - DUNN COUNTY,WI,45,40,40,0
09075,VILLAGE OF BOYD - CHIPPEWA COUNTY,WI,18,17,17,0
09175,TOWN OF BRADFORD - ROCK COUNTY,WI,54,50,49,1
09225,TOWN OF BRADLEY - LINCOLN COUNTY,WI,249,239,238,1
09300,VILLAGE OF BRANDON - FOND DU LAC COUNTY,WI,52,51,51,0
09375,TOWN OF BRAZEAU - OCONTO COUNTY,WI,125,120,120,0
09425,TOWN OF BREED - OCONTO COUNTY,WI,40,40,40,0
09500,TOWN OF BRIDGE CREEK - EAU CLAIRE COUNTY,WI,85,77,77,0
09550,TOWN OF BRIDGEPORT - CRAWFORD COUNTY,WI,104,101,101,0
09600,TOWN OF BRIGHAM - IOWA COUNTY,WI,162,155,155,0
09635,TOWN OF BRIGHTON - KENOSHA COUNTY,WI,112,107,103,4
09650,TOWN OF BRIGHTON - MARATHON COUNTY,WI,30,28,28,0
09725,CITY OF BRILLION - CALUMET COUNTY,WI,258,239,239,0
09750,TOWN OF BRILLION - CALUMET COUNTY,WI,117,107,105,2
09775,TOWN OF BRISTOL - DANE COUNTY,WI,663,634,632,2
09800,VILLAGE OF BRISTOL - KENOSHA COUNTY,WI,522,474,474,0
09900,TOWN OF BROCKWAY - JACKSON COUNTY,WI,67,65,65,0
09925,CITY OF BRODHEAD - MULTIPLE COUNTIES,WI,202,191,191,0
10025,CITY OF BROOKFIELD - WAUKESHA COUNTY,WI,6664,6103,6096,7
10050,TOWN OF BROOKFIELD - WAUKESHA COUNTY,WI,996,906,901,5
10075,VILLAGE OF BROOKLYN - MULTIPLE COUNTIES,WI,111,103,103,0
10100,TOWN OF BROOKLYN - GREEN COUNTY,WI,108,103,103,0
10125,TOWN OF BROOKLYN - GREEN LAKE COUNTY,WI,213,203,203,0
10150,TOWN OF BROOKLYN - WASHBURN COUNTY,WI,32,32,32,0
10350,TOWN OF BROTHERTOWN - CALUMET COUNTY,WI,129,117,117,0
10375,VILLAGE OF BROWN DEER - MILWAUKEE COUNTY,WI,1566,1408,1406,2
10400,TOWN OF BROWNING - TAYLOR COUNTY,WI,57,53,53,0
10450,VILLAGE OF BROWNSVILLE - DODGE COUNTY,WI,37,37,37,0
10475,VILLAGE OF BROWNTOWN - GREEN COUNTY,WI,21,15,15,0
10500,VILLAGE OF BRUCE - RUSK COUNTY,WI,60,57,56,1
10575,TOWN OF BRULE - DOUGLAS COUNTY,WI,54,50,50,0
10625,TOWN OF BRUNSWICK - EAU CLAIRE COUNTY,WI,212,201,195,6
10700,TOWN OF BRUSSELS - DOOR COUNTY,WI,73,66,66,0
10750,TOWN OF BUCHANAN - OUTAGAMIE COUNTY,WI,792,745,741,4
10925,TOWN OF BUENA VISTA - PORTAGE COUNTY,WI,70,69,68,1
10950,TOWN OF BUENA VISTA - RICHLAND COUNTY,WI,136,128,128,0
11025,TOWN OF BUFFALO - BUFFALO COUNTY,WI,40,39,38,1
11050,TOWN OF BUFFALO - MARQUETTE COUNTY,WI,88,86,86,0
11062,CITY OF BUFFALO CITY - BUFFALO COUNTY,WI,56,54,54,0
11150,TOWN OF BURKE - DANE COUNTY,WI,436,413,412,1
11200,CITY OF BURLINGTON - MULTIPLE COUNTIES,WI,975,906,904,2
11225,TOWN OF BURLINGTON - RACINE COUNTY,WI,579,553,546,7
11275,TOWN OF BURNETT - DODGE COUNTY,WI,54,48,48,0
11300,TOWN OF BURNS - LA CROSSE COUNTY,WI,46,44,44,0
11325,TOWN OF BURNSIDE - TREMPEALEAU COUNTY,WI,15,12,12,0
11425,TOWN OF BUTLER - CLARK COUNTY,WI,6,5,5,0
11475,VILLAGE OF BUTLER - WAUKESHA COUNTY,WI,124,117,117,0
11525,VILLAGE OF BUTTERNUT - ASHLAND COUNTY,WI,18,16,16,0
11600,TOWN OF BYRON - FOND DU LAC COUNTY,WI,144,136,136,0
11625,TOWN OF BYRON - MONROE COUNTY,WI,77,70,70,0
11675,TOWN OF CABLE - BAYFIELD COUNTY,WI,96,89,89,0
11725,TOWN OF CADIZ - GREEN COUNTY,WI,55,48,47,1
11750,VILLAGE OF CADOTT - CHIPPEWA COUNTY,WI,75,73,72,1
11775,TOWN OF CADY - ST. CROIX COUNTY,WI,44,42,42,0
11850,TOWN OF CALAMUS - DODGE COUNTY,WI,71,70,70,0
11900,TOWN OF CALEDONIA - COLUMBIA COUNTY,WI,180,170,169,1
11950,VILLAGE OF CALEDONIA - RACINE COUNTY,WI,2846,2658,2644,14
11975,TOWN OF CALEDONIA - TREMPEALEAU COUNTY,WI,82,78,76,2
12000,TOWN OF CALEDONIA - WAUPACA COUNTY,WI,160,151,149,2
12075,TOWN OF CALUMET - FOND DU LAC COUNTY,WI,115,111,110,1
12200,VILLAGE OF CAMBRIA - COLUMBIA COUNTY,WI,51,47,47,0
12225,VILLAGE OF CAMBRIDGE - MULTIPLE COUNTIES,WI,208,193,193,0
12250,VILLAGE OF CAMERON - BARRON COUNTY,WI,87,82,82,0
12275,TOWN OF CAMERON - WOOD COUNTY,WI,28,28,28,0
12300,TOWN OF CAMPBELL - LA CROSSE COUNTY,WI,434,421,421,0
12325,VILLAGE OF CAMPBELLSPORT - FOND DU LAC COUNTY,WI,96,90,90,0
12350,VILLAGE OF CAMP DOUGLAS - JUNEAU COUNTY,WI,21,19,19,0
12500,TOWN OF CANTON - BUFFALO COUNTY,WI,10,10,10,0
12525,TOWN OF CAREY - IRON COUNTY,WI,7,7,7,0
12575,TOWN OF CARLTON - KEWAUNEE COUNTY,WI,38,33,33,0
12725,TOWN OF CARSON - PORTAGE COUNTY,WI,149,145,145,0
12775,TOWN OF CARY - WOOD COUNTY,WI,30,28,28,0
12825,VILLAGE OF CASCADE - SHEBOYGAN COUNTY,WI,41,40,40,0
12850,VILLAGE OF CASCO - KEWAUNEE COUNTY,WI,30,30,29,1
12875,TOWN OF CASCO - KEWAUNEE COUNTY,WI,87,83,83,0
12925,TOWN OF CASEY - WASHBURN COUNTY,WI,47,47,47,0
12950,VILLAGE OF CASHTON - MONROE COUNTY,WI,47,40,40,0
12975,TOWN OF CASSEL - MARATHON COUNTY,WI,56,52,52,0
13025,TOWN OF CASSIAN - ONEIDA COUNTY,WI,134,109,109,0
13050,VILLAGE OF CASSVILLE - GRANT COUNTY,WI,52,51,51,0
13075,TOWN OF CASSVILLE - GRANT COUNTY,WI,16,16,16,0
13100,TOWN OF CASTLE ROCK - GRANT COUNTY,WI,9,6,6,0
13125,TOWN OF CASWELL - FOREST COUNTY,WI,10,10,10,0
13175,VILLAGE OF CATAWBA - PRICE COUNTY,WI,6,5,5,0
13200,TOWN OF CATAWBA - PRICE COUNTY,WI,18,16,16,0
13237,TOWN OF CATO - MANITOWOC COUNTY,WI,113,108,108,0
13300,VILLAGE OF CAZENOVIA - MULTIPLE COUNTIES,WI,12,12,12,0
13325,VILLAGE OF CECIL - SHAWANO COUNTY,WI,40,37,37,0
13375,CITY OF CEDARBURG - OZAUKEE COUNTY,WI,1743,1635,1624,11
13400,TOWN OF CEDARBURG - OZAUKEE COUNTY,WI,871,836,830,6
13475,VILLAGE OF CEDAR GROVE - SHEBOYGAN COUNTY,WI,131,126,126,0
13500,TOWN OF CEDAR LAKE - BARRON COUNTY,WI,172,165,161,4
13550,TOWN OF CEDAR RAPIDS - RUSK COUNTY,WI,1,1,1,0
13600,TOWN OF CENTER - OUTAGAMIE COUNTY,WI,436,415,413,2
13625,TOWN OF CENTER - ROCK COUNTY,WI,88,82,82,0
13750,TOWN OF CENTERVILLE - MANITOWOC COUNTY,WI,71,68,68,0
13850,VILLAGE OF CENTURIA - POLK COUNTY,WI,35,32,32,0
14000,TOWN OF CHARLESTOWN - CALUMET COUNTY,WI,51,48,48,0
14125,TOWN OF CHASE - OCONTO COUNTY,WI,430,415,415,0
14150,VILLAGE OF CHASEBURG - VERNON COUNTY,WI,18,17,16,1
14200,TOWN OF CHELSEA - TAYLOR COUNTY,WI,39,37,37,0
14225,VILLAGE OF CHENEQUA - WAUKESHA COUNTY,WI,77,73,73,0
14300,TOWN OF CHESTER - DODGE COUNTY,WI,22,20,20,0
14325,CITY OF CHETEK - BARRON COUNTY,WI,162,152,151,1
14350,TOWN OF CHETEK - BARRON COUNTY,WI,218,205,198,7
14425,TOWN OF CHICOG - WASHBURN COUNTY,WI,32,30,30,0
14475,CITY OF CHILTON - CALUMET COUNTY,WI,205,195,193,2
14500,TOWN OF CHILTON - CALUMET COUNTY,WI,74,69,69,0
14525,TOWN OF CHIMNEY ROCK - TREMPEALEAU COUNTY,WI,19,13,13,0
14550,TOWN OF CHIPPEWA - ASHLAND COUNTY,WI,36,36,36,0
14575,CITY OF CHIPPEWA FALLS - CHIPPEWA COUNTY,WI,1123,1054,1053,1
14650,TOWN OF CHRISTIANA - DANE COUNTY,WI,88,64,64,0
14675,TOWN OF CHRISTIANA - VERNON COUNTY,WI,120,118,118,0
14750,TOWN OF CICERO - OUTAGAMIE COUNTY,WI,75,73,72,1
14800,TOWN OF CITY POINT - JACKSON COUNTY,WI,21,16,16,0
14837,TOWN OF CLAM FALLS - POLK COUNTY,WI,49,41,41,0
15000,TOWN OF CLARNO - GREEN COUNTY,WI,92,88,88,0
15025,TOWN OF CLAY BANKS - DOOR COUNTY,WI,43,38,38,0
15075,TOWN OF CLAYTON - CRAWFORD COUNTY,WI,72,62,62,0
15100,VILLAGE OF CLAYTON - POLK COUNTY,WI,10,6,6,0
15125,TOWN OF CLAYTON - POLK COUNTY,WI,127,125,124,1
15150,TOWN OF CLAYTON - WINNEBAGO COUNTY,WI,628,599,596,3
15200,TOWN OF CLEAR CREEK - EAU CLAIRE COUNTY,WI,53,53,52,1
15225,TOWN OF CLEARFIELD - JUNEAU COUNTY,WI,62,62,60,2
15250,VILLAGE OF CLEAR LAKE - POLK COUNTY,WI,54,54,52,2
15275,TOWN OF CLEAR LAKE - POLK COUNTY,WI,37,36,35,1
15350,TOWN OF CLEVELAND - CHIPPEWA COUNTY,WI,39,38,37,1
15375,TOWN OF CLEVELAND - JACKSON COUNTY,WI,37,36,35,1
15400,VILLAGE OF CLEVELAND - MANITOWOC COUNTY,WI,78,75,75,0
15425,TOWN OF CLEVELAND - MARATHON COUNTY,WI,92,89,89,0
15450,TOWN OF CLEVELAND - TAYLOR COUNTY,WI,15,15,15,0
15500,TOWN OF CLIFTON - GRANT COUNTY,WI,7,7,7,0
15550,TOWN OF CLIFTON - MONROE COUNTY,WI,16,16,16,0
15575,TOWN OF CLIFTON - PIERCE COUNTY,WI,379,366,365,1
15600,TOWN OF CLINTON - BARRON COUNTY,WI,61,60,60,0
15625,VILLAGE OF CLINTON - ROCK COUNTY,WI,161,150,145,5
15650,TOWN OF CLINTON - ROCK COUNTY,WI,48,46,46,0
15675,TOWN OF CLINTON - VERNON COUNTY,WI,34,33,33,0
15725,CITY OF CLINTONVILLE - WAUPACA COUNTY,WI,237,221,220,1
15750,TOWN OF CLOVER - BAYFIELD COUNTY,WI,33,30,29,1
15825,TOWN OF CLOVERLAND - DOUGLAS COUNTY,WI,15,12,12,0
15850,TOWN OF CLOVERLAND - VILAS COUNTY,WI,107,96,96,0
15875,TOWN OF CLYDE - IOWA COUNTY,WI,23,22,22,0
15900,VILLAGE OF CLYMAN - DODGE COUNTY,WI,7,7,7,0
15925,TOWN OF CLYMAN - DODGE COUNTY,WI,51,49,48,1
15975,VILLAGE OF COBB - IOWA COUNTY,WI,36,36,36,0
16025,VILLAGE OF COCHRANE - BUFFALO COUNTY,WI,26,25,25,0
16075,TOWN OF COLBURN - ADAMS COUNTY,WI,24,23,23,0
16125,TOWN OF COLBURN - CHIPPEWA COUNTY,WI,40,36,36,0
16150,CITY OF COLBY - MULTIPLE COUNTIES,WI,71,69,69,0
16175,TOWN OF COLBY - CLARK COUNTY,WI,23,22,21,1
16225,TOWN OF COLD SPRING - JEFFERSON COUNTY,WI,69,69,66,3
16250,VILLAGE OF COLEMAN - MARINETTE COUNTY,WI,43,42,42,0
16275,VILLAGE OF COLFAX - DUNN COUNTY,WI,49,46,46,0
16300,TOWN OF COLFAX - DUNN COUNTY,WI,109,105,105,0
16375,VILLAGE OF COLOMA - WAUSHARA COUNTY,WI,17,17,17,0
16400,TOWN OF COLOMA - WAUSHARA COUNTY,WI,54,51,50,1
16450,CITY OF COLUMBUS - MULTIPLE COUNTIES,WI,602,564,564,0
16475,TOWN OF COLUMBUS - COLUMBIA COUNTY,WI,31,29,29,0
16500,VILLAGE OF COMBINED LOCKS - OUTAGAMIE COUNTY,WI,491,467,466,1
16550,TOWN OF COMMONWEALTH - FLORENCE COUNTY,WI,34,34,34,0
16650,TOWN OF CONCORD - JEFFERSON COUNTY,WI,223,205,205,0
16750,TOWN OF CONOVER - VILAS COUNTY,WI,141,133,133,0
16775,VILLAGE OF CONRATH - RUSK COUNTY,WI,3,3,3,0
16800,TOWN OF COOKS VALLEY - CHIPPEWA COUNTY,WI,46,42,40,2
16875,TOWN OF COON - VERNON COUNTY,WI,101,97,97,0
16900,VILLAGE OF COON VALLEY - VERNON COUNTY,WI,59,57,57,0
16950,TOWN OF COOPERSTOWN - MANITOWOC COUNTY,WI,104,101,101,0
17100,CITY OF CORNELL - CHIPPEWA COUNTY,WI,75,72,72,0
17125,TOWN OF CORNING - LINCOLN COUNTY,WI,53,49,49,0
17175,VILLAGE OF COTTAGE GROVE - DANE COUNTY,WI,1252,1190,1183,7
17200,TOWN OF COTTAGE GROVE - DANE COUNTY,WI,578,556,554,2
17225,VILLAGE OF COUDERAY - SAWYER COUNTY,WI,2,1,1,0
17250,TOWN OF COUDERAY - SAWYER COUNTY,WI,19,19,19,0
17325,TOWN OF COURTLAND - COLUMBIA COUNTY,WI,35,33,33,0
17425,CITY OF CRANDON - FOREST COUNTY,WI,103,92,90,2
17450,TOWN OF CRANDON - FOREST COUNTY,WI,55,46,46,0
17525,TOWN OF CRANMOOR - WOOD COUNTY,WI,11,10,10,0
17625,TOWN OF CRESCENT - ONEIDA COUNTY,WI,226,212,212,0
17725,VILLAGE OF CRIVITZ - MARINETTE COUNTY,WI,50,49,49,0
17737,TOWN OF CROSS - BUFFALO COUNTY,WI,31,29,29,0
17775,VILLAGE OF CROSS PLAINS - DANE COUNTY,WI,525,505,503,2
17800,TOWN OF CROSS PLAINS - DANE COUNTY,WI,233,228,226,2
17850,TOWN OF CRYSTAL - WASHBURN COUNTY,WI,20,20,20,0
17875,TOWN OF CRYSTAL LAKE - BARRON COUNTY,WI,47,42,40,2
17900,TOWN OF CRYSTAL LAKE - MARQUETTE COUNTY,WI,52,48,48,0
17950,CITY OF CUBA CITY - MULTIPLE COUNTIES,WI,196,191,189,2
17975,CITY OF CUDAHY - MILWAUKEE COUNTY,WI,1804,1679,1672,7
18025,CITY OF CUMBERLAND - BARRON COUNTY,WI,186,179,176,3
18050,TOWN OF CUMBERLAND - BARRON COUNTY,WI,45,45,44,1
18075,TOWN OF CURRAN - JACKSON COUNTY,WI,15,13,13,0
18125,VILLAGE OF CURTISS - CLARK COUNTY,WI,4,4,4,0
18225,TOWN OF CUTLER - JUNEAU COUNTY,WI,20,20,20,0
18300,TOWN OF CYLON - ST. CROIX COUNTY,WI,45,42,42,0
18425,TOWN OF DAIRYLAND - DOUGLAS COUNTY,WI,16,10,10,0
18475,TOWN OF DAKOTA - WAUSHARA COUNTY,WI,77,76,76,0
18525,TOWN OF DALE - OUTAGAMIE COUNTY,WI,264,245,243,2
18575,VILLAGE OF DALLAS - BARRON COUNTY,WI,10,9,9,0
18600,TOWN OF DALLAS - BARRON COUNTY,WI,34,33,33,0
18700,VILLAGE OF DANE - DANE COUNTY,WI,108,100,100,0
18725,TOWN OF DANE - DANE COUNTY,WI,82,79,79,0
18750,TOWN OF DANIELS - BURNETT COUNTY,WI,61,59,59,0
18825,VILLAGE OF DARIEN - WALWORTH COUNTY,WI,71,64,64,0
18850,TOWN OF DARIEN - WALWORTH COUNTY,WI,107,99,99,0
18875,CITY OF DARLINGTON - LAFAYETTE COUNTY,WI,131,124,124,0
18900,TOWN OF DARLINGTON - LAFAYETTE COUNTY,WI,44,44,44,0
18950,TOWN OF DAY - MARATHON COUNTY,WI,38,33,33,0
19000,TOWN OF DAYTON - RICHLAND COUNTY,WI,65,58,57,1
19025,TOWN OF DAYTON - WAUPACA COUNTY,WI,261,238,238,0
19075,TOWN OF DECATUR - GREEN COUNTY,WI,149,139,139,0
19200,TOWN OF DEER CREEK - OUTAGAMIE COUNTY,WI,19,19,19,0
19225,TOWN OF DEER CREEK - TAYLOR COUNTY,WI,29,27,27,0
19250,VILLAGE OF DEERFIELD - DANE COUNTY,WI,272,247,246,1
19275,TOWN OF DEERFIELD - DANE COUNTY,WI,321,305,305,0
19300,TOWN OF DEERFIELD - WAUSHARA COUNTY,WI,46,44,44,0
19325,VILLAGE OF DEER PARK - ST. CROIX COUNTY,WI,19,19,19,0
19350,VILLAGE OF DEFOREST - DANE COUNTY,WI,1847,1764,1762,2
19375,TOWN OF DEKORRA - COLUMBIA COUNTY,WI,363,352,350,2
19400,CITY OF DELAFIELD - WAUKESHA COUNTY,WI,1013,956,949,7
19425,TOWN OF DELAFIELD - WAUKESHA COUNTY,WI,1213,1160,1145,15
19450,CITY OF DELAVAN - WALWORTH COUNTY,WI,565,512,509,3
19475,TOWN OF DELAVAN - WALWORTH COUNTY,WI,541,499,499,0
19550,TOWN OF DELLONA - SAUK COUNTY,WI,152,141,141,0
19575,TOWN OF DELL PRAIRIE - ADAMS COUNTY,WI,141,132,132,0
19625,TOWN OF DELMAR - CHIPPEWA COUNTY,WI,45,42,42,0
19662,TOWN OF DELTA - BAYFIELD COUNTY,WI,53,49,49,0
19675,TOWN OF DELTON - SAUK COUNTY,WI,238,227,225,2
19700,VILLAGE OF DENMARK - BROWN COUNTY,WI,163,159,159,0
19775,CITY OF DE PERE - BROWN COUNTY,WI,3386,3215,3208,7
19850,VILLAGE OF DE SOTO - MULTIPLE COUNTIES,WI,16,16,16,0
19925,TOWN OF DEWEY - BURNETT COUNTY,WI,17,15,15,0
19975,TOWN OF DEWEY - PORTAGE COUNTY,WI,136,130,130,0
20000,TOWN OF DEWEY - RUSK COUNTY,WI,40,39,39,0
20025,TOWN OF DEWHURST - CLARK COUNTY,WI,30,25,24,1
20075,TOWN OF DEXTER - WOOD COUNTY,WI,12,12,12,0
20150,TOWN OF DIAMOND BLUFF - PIERCE COUNTY,WI,43,40,40,0
20175,VILLAGE OF DICKEYVILLE - GRANT COUNTY,WI,66,60,59,1
20300,TOWN OF DODGE - TREMPEALEAU COUNTY,WI,12,12,12,0
20350,CITY OF DODGEVILLE - IOWA COUNTY,WI,555,527,526,1
20375,TOWN OF DODGEVILLE - IOWA COUNTY,WI,136,129,128,1
20450,VILLAGE OF DORCHESTER - MULTIPLE COUNTIES,WI,31,30,30,0
20475,TOWN OF DOTY - OCONTO COUNTY,WI,26,26,26,0
20525,TOWN OF DOUGLAS - MARQUETTE COUNTY,WI,53,52,52,0
20550,VILLAGE OF DOUSMAN - WAUKESHA COUNTY,WI,237,225,225,0
20575,TOWN OF DOVER - BUFFALO COUNTY,WI,20,20,20,0
20625,TOWN OF DOVER - RACINE COUNTY,WI,313,297,288,9
20650,TOWN OF DOVRE - BARRON COUNTY,WI,53,53,52,1
20675,VILLAGE OF DOWNING - DUNN COUNTY,WI,8,8,8,0
20750,TOWN OF DOYLE - BARRON COUNTY,WI,38,37,37,0
20775,VILLAGE OF DOYLESTOWN - COLUMBIA COUNTY,WI,13,12,12,0
20800,TOWN OF DRAMMEN - EAU CLAIRE COUNTY,WI,46,40,40,0
20825,TOWN OF DRAPER - SAWYER COUNTY,WI,29,27,27,0
20850,VILLAGE OF DRESSER - POLK COUNTY,WI,54,51,51,0
20887,TOWN OF DRUMMOND - BAYFIELD COUNTY,WI,68,64,64,0
21000,TOWN OF DUNBAR - MARINETTE COUNTY,WI,38,36,36,0
21100,TOWN OF DUNKIRK - DANE COUNTY,WI,189,177,177,0
21125,TOWN OF DUNN - DANE COUNTY,WI,628,589,586,3
21150,TOWN OF DUNN - DUNN COUNTY,WI,113,109,109,0
21200,TOWN OF DUPONT - WAUPACA COUNTY,WI,30,29,29,0
21225,CITY OF DURAND - PEPIN COUNTY,WI,108,104,104,0
21250,TOWN OF DURAND - PEPIN COUNTY,WI,44,38,38,0
21400,TOWN OF EAGLE - RICHLAND COUNTY,WI,38,34,32,2
21425,VILLAGE OF EAGLE - WAUKESHA COUNTY,WI,138,134,134,0
21450,TOWN OF EAGLE - WAUKESHA COUNTY,WI,397,383,382,1
21600,TOWN OF EAGLE POINT - CHIPPEWA COUNTY,WI,534,492,492,0
21625,CITY OF EAGLE RIVER - VILAS COUNTY,WI,159,149,149,0
21900,VILLAGE OF EASTMAN - CRAWFORD COUNTY,WI,12,12,12,0
21925,TOWN OF EASTMAN - CRAWFORD COUNTY,WI,69,67,66,1
22000,TOWN OF EASTON - ADAMS COUNTY,WI,90,84,84,0
22025,TOWN OF EASTON - MARATHON COUNTY,WI,69,67,67,0
22100,VILLAGE OF EAST TROY - WALWORTH COUNTY,WI,438,413,412,1
22125,TOWN OF EAST TROY - WALWORTH COUNTY,WI,476,459,455,4
22225,TOWN OF EATON - BROWN COUNTY,WI,113,109,108,1
22250,TOWN OF EATON - CLARK COUNTY,WI,27,25,25,0
22275,TOWN OF EATON - MANITOWOC COUNTY,WI,55,48,48,0
22300,CITY OF EAU CLAIRE - MULTIPLE COUNTIES,WI,6646,6285,6249,36
22375,TOWN OF EAU GALLE - DUNN COUNTY,WI,54,49,49,0
22400,TOWN OF EAU GALLE - ST. CROIX COUNTY,WI,80,67,67,0
22425,TOWN OF EAU PLEINE - MARATHON COUNTY,WI,40,38,38,0
22450,TOWN OF EAU PLEINE - PORTAGE COUNTY,WI,70,67,66,1
22475,VILLAGE OF EDEN - FOND DU LAC COUNTY,WI,57,55,55,0
22500,TOWN OF EDEN - FOND DU LAC COUNTY,WI,66,61,61,0
22525,TOWN OF EDEN - IOWA COUNTY,WI,18,17,17,0
22550,VILLAGE OF EDGAR - MARATHON COUNTY,WI,110,103,101,2
22575,CITY OF EDGERTON - MULTIPLE COUNTIES,WI,579,551,549,2
22625,TOWN OF EDGEWATER - SAWYER COUNTY,WI,77,76,76,0
22750,TOWN OF EDSON - CHIPPEWA COUNTY,WI,36,33,31,2
22850,VILLAGE OF EGG HARBOR - DOOR COUNTY,WI,58,57,57,0
22875,TOWN OF EGG HARBOR - DOOR COUNTY,WI,179,171,169,2
22925,TOWN OF EILEEN - BAYFIELD COUNTY,WI,60,58,58,0
22950,TOWN OF EISENSTEIN - PRICE COUNTY,WI,42,40,40,0
22975,VILLAGE OF ELAND - SHAWANO COUNTY,WI,12,12,11,1
23000,TOWN OF ELBA - DODGE COUNTY,WI,83,75,75,0
23050,TOWN OF ELCHO - LANGLADE COUNTY,WI,113,108,108,0
23075,VILLAGE OF ELDERON - MARATHON COUNTY,WI,3,3,3,0
23100,TOWN OF ELDERON - MARATHON COUNTY,WI,53,49,49,0
23150,TOWN OF ELDORADO - FOND DU LAC COUNTY,WI,94,85,85,0
23175,VILLAGE OF ELEVA - TREMPEALEAU COUNTY,WI,48,47,47,0
23200,TOWN OF ELK - PRICE COUNTY,WI,92,88,88,0
23262,TOWN OF ELK GROVE - LAFAYETTE COUNTY,WI,24,21,21,0
23275,VILLAGE OF ELKHART LAKE - SHEBOYGAN COUNTY,WI,116,110,110,0
23300,CITY OF ELKHORN - WALWORTH COUNTY,WI,918,838,830,8
23325,VILLAGE OF ELK MOUND - DUNN COUNTY,WI,38,35,35,0
23350,TOWN OF ELK MOUND - DUNN COUNTY,WI,136,131,131,0
23400,TOWN OF ELLENBORO - GRANT COUNTY,WI,43,39,39,0
23425,TOWN OF ELLINGTON - OUTAGAMIE COUNTY,WI,341,318,318,0
23525,VILLAGE OF ELLSWORTH - PIERCE COUNTY,WI,285,263,263,0
23550,TOWN OF ELLSWORTH - PIERCE COUNTY,WI,104,100,100,0
23575,VILLAGE OF ELM GROVE - WAUKESHA COUNTY,WI,987,915,911,4
23700,VILLAGE OF ELMWOOD - PIERCE COUNTY,WI,39,35,35,0
23725,VILLAGE OF ELMWOOD PARK - RACINE COUNTY,WI,55,48,48,0
23775,TOWN OF EL PASO - PIERCE COUNTY,WI,38,38,38,0
23800,CITY OF ELROY - JUNEAU COUNTY,WI,72,68,67,1
23850,VILLAGE OF EMBARRASS - WAUPACA COUNTY,WI,12,12,12,0
23925,TOWN OF EMERALD - ST. CROIX COUNTY,WI,42,40,40,0
23975,TOWN OF EMERY - PRICE COUNTY,WI,33,32,31,1
24000,TOWN OF EMMET - DODGE COUNTY,WI,97,89,89,0
24025,TOWN OF EMMET - MARATHON COUNTY,WI,76,72,72,0
24050,TOWN OF EMPIRE - FOND DU LAC COUNTY,WI,350,320,320,0
24075,VILLAGE OF ENDEAVOR - MARQUETTE COUNTY,WI,17,17,17,0
24125,TOWN OF ENTERPRISE - ONEIDA COUNTY,WI,27,25,25,0
24150,VILLAGE OF EPHRAIM - DOOR COUNTY,WI,58,55,54,1
24225,TOWN OF ERIN - WASHINGTON COUNTY,WI,408,385,383,2
24275,TOWN OF ERIN PRAIRIE - ST. CROIX COUNTY,WI,35,30,30,0
24375,TOWN OF ESTELLA - CHIPPEWA COUNTY,WI,24,24,24,0
24400,VILLAGE OF ETTRICK - TREMPEALEAU COUNTY,WI,28,26,26,0
24425,TOWN OF ETTRICK - TREMPEALEAU COUNTY,WI,84,81,80,1
24450,TOWN OF EUREKA - POLK COUNTY,WI,121,112,112,0
24550,CITY OF EVANSVILLE - ROCK COUNTY,WI,677,632,629,3
24575,TOWN OF EVERGREEN - LANGLADE COUNTY,WI,34,26,24,2
24600,TOWN OF EVERGREEN - WASHBURN COUNTY,WI,64,60,60,0
24675,TOWN OF EXCELSIOR - SAUK COUNTY,WI,176,164,164,0
24700,VILLAGE OF EXELAND - SAWYER COUNTY,WI,9,8,8,0
24725,TOWN OF EXETER - GREEN COUNTY,WI,272,265,265,0
24775,TOWN OF FAIRBANKS - SHAWANO COUNTY,WI,29,28,28,0
24825,VILLAGE OF FAIRCHILD - EAU CLAIRE COUNTY,WI,28,25,25,0
24850,TOWN OF FAIRCHILD - EAU CLAIRE COUNTY,WI,13,11,11,0
24900,TOWN OF FAIRFIELD - SAUK COUNTY,WI,95,92,92,0
25075,VILLAGE OF FAIRWATER - FOND DU LAC COUNTY,WI,11,11,11,0
25125,VILLAGE OF FALL CREEK - EAU CLAIRE COUNTY,WI,67,64,64,0
25150,VILLAGE OF FALL RIVER - COLUMBIA COUNTY,WI,145,132,132,0
25300,TOWN OF FARMINGTON - JEFFERSON COUNTY,WI,118,113,113,0
25325,TOWN OF FARMINGTON - LA CROSSE COUNTY,WI,138,134,131,3
25350,TOWN OF FARMINGTON - POLK COUNTY,WI,113,110,110,0
25375,TOWN OF FARMINGTON - WASHINGTON COUNTY,WI,384,367,367,0
25400,TOWN OF FARMINGTON - WAUPACA COUNTY,WI,389,354,354,0
25475,TOWN OF FAYETTE - LAFAYETTE COUNTY,WI,17,15,15,0
25575,TOWN OF FENCE - FLORENCE COUNTY,WI,0,0,0,0
25600,CITY OF FENNIMORE - GRANT COUNTY,WI,237,217,216,1
25625,TOWN OF FENNIMORE - GRANT COUNTY,WI,37,37,36,1
25650,VILLAGE OF FENWOOD - MARATHON COUNTY,WI,9,9,8,1
25675,TOWN OF FERN - FLORENCE COUNTY,WI,37,34,34,0
25725,VILLAGE OF FERRYVILLE - CRAWFORD COUNTY,WI,19,16,16,0
25775,TOWN OF FIFIELD - PRICE COUNTY,WI,89,82,81,1
25850,TOWN OF FINLEY - JUNEAU COUNTY,WI,2,2,2,0
25950,CITY OF FITCHBURG - DANE COUNTY,WI,5064,4752,4714,38
26050,TOWN OF FLAMBEAU - PRICE COUNTY,WI,76,59,59,0
26100,TOWN OF FLAMBEAU - RUSK COUNTY,WI,63,59,59,0
26200,TOWN OF FLORENCE - FLORENCE COUNTY,WI,274,267,266,1
26275,CITY OF FOND DU LAC - FOND DU LAC COUNTY,WI,3566,3355,3340,15
26300,TOWN OF FOND DU LAC - FOND DU LAC COUNTY,WI,472,451,449,2
26350,VILLAGE OF FONTANA - WALWORTH COUNTY,WI,300,272,266,6
26400,VILLAGE OF FOOTVILLE - ROCK COUNTY,WI,43,38,38,0
26425,TOWN OF FORD - TAYLOR COUNTY,WI,9,8,8,0
26450,TOWN OF FOREST - FOND DU LAC COUNTY,WI,55,51,51,0
26475,TOWN OF FOREST - RICHLAND COUNTY,WI,35,34,33,1
26525,TOWN OF FOREST - ST. CROIX COUNTY,WI,25,22,22,0
26550,TOWN OF FOREST - VERNON COUNTY,WI,33,31,31,0
26625,VILLAGE OF FORESTVILLE - DOOR COUNTY,WI,19,15,14,1
26650,TOWN OF FORESTVILLE - DOOR COUNTY,WI,68,64,64,0
26675,CITY OF FORT ATKINSON - JEFFERSON COUNTY,WI,1232,1170,1169,1
26725,TOWN OF FORT WINNEBAGO - COLUMBIA COUNTY,WI,78,72,72,0
26775,TOWN OF FOSTER - CLARK COUNTY,WI,7,6,6,0
26825,TOWN OF FOUNTAIN - JUNEAU COUNTY,WI,52,52,52,0
26850,CITY OF FOUNTAIN CITY - BUFFALO COUNTY,WI,37,34,34,0
26875,TOWN OF FOUNTAIN PRAIRIE - COLUMBIA COUNTY,WI,65,60,60,0
26982,VILLAGE OF FOX CROSSING - MULTIPLE COUNTIES,WI,2213,2099,2091,8
27000,CITY OF FOX LAKE - DODGE COUNTY,WI,102,97,96,1
27025,TOWN OF FOX LAKE - DODGE COUNTY,WI,111,100,100,0
27075,VILLAGE OF FOX POINT - MILWAUKEE COUNTY,WI,1330,1237,1227,10
27125,VILLAGE OF FRANCIS CREEK - MANITOWOC COUNTY,WI,41,35,35,0
27150,TOWN OF FRANKFORT - MARATHON COUNTY,WI,23,20,20,0
27175,TOWN OF FRANKFORT - PEPIN COUNTY,WI,19,18,18,0
27225,TOWN OF FRANKLIN - JACKSON COUNTY,WI,8,7,7,0
27250,TOWN OF FRANKLIN - KEWAUNEE COUNTY,WI,52,50,49,1
27275,TOWN OF FRANKLIN - MANITOWOC COUNTY,WI,92,84,84,0
27300,CITY OF FRANKLIN - MILWAUKEE COUNTY,WI,5658,5321,5290,31
27350,TOWN OF FRANKLIN - SAUK COUNTY,WI,52,48,48,0
27400,TOWN OF FRANKLIN - VERNON COUNTY,WI,92,89,89,0
27450,TOWN OF FRANZEN - MARATHON COUNTY,WI,42,41,41,0
27500,VILLAGE OF FREDERIC - POLK COUNTY,WI,49,47,47,0
27550,VILLAGE OF FREDONIA - OZAUKEE COUNTY,WI,143,138,135,3
27575,TOWN OF FREDONIA - OZAUKEE COUNTY,WI,157,149,149,0
27600,TOWN OF FREEDOM - FOREST COUNTY,WI,39,39,39,0
27650,TOWN OF FREEDOM - OUTAGAMIE COUNTY,WI,767,723,718,5
27675,TOWN OF FREEDOM - SAUK COUNTY,WI,29,28,28,0
27700,TOWN OF FREEMAN - CRAWFORD COUNTY,WI,112,111,111,0
27775,TOWN OF FREMONT - CLARK COUNTY,WI,62,62,62,0
27800,VILLAGE OF FREMONT - WAUPACA COUNTY,WI,59,54,54,0
27850,TOWN OF FREMONT - WAUPACA COUNTY,WI,55,49,49,0
27950,VILLAGE OF FRIENDSHIP - ADAMS COUNTY,WI,38,35,35,0
27975,TOWN OF FRIENDSHIP - FOND DU LAC COUNTY,WI,307,288,288,0
28000,VILLAGE OF FRIESLAND - COLUMBIA COUNTY,WI,15,14,14,0
28025,TOWN OF FROG CREEK - WASHBURN COUNTY,WI,12,12,12,0
28075,TOWN OF FULTON - ROCK COUNTY,WI,447,426,424,2
28150,TOWN OF GALE - TREMPEALEAU COUNTY,WI,119,111,111,0
28200,CITY OF GALESVILLE - TREMPEALEAU COUNTY,WI,106,97,97,0
28250,TOWN OF GARDEN VALLEY - JACKSON COUNTY,WI,20,19,19,0
28300,TOWN OF GARDNER - DOOR COUNTY,WI,136,135,134,1
28325,TOWN OF GARFIELD - JACKSON COUNTY,WI,58,58,57,1
28350,TOWN OF GARFIELD - POLK COUNTY,WI,165,156,153,3
28450,VILLAGE OF GAYS MILLS - CRAWFORD COUNTY,WI,44,39,39,0
28487,TOWN OF GENESEE - WAUKESHA COUNTY,WI,847,802,802,0
28550,TOWN OF GENEVA - WALWORTH COUNTY,WI,663,628,622,6
28625,VILLAGE OF GENOA - VERNON COUNTY,WI,12,12,12,0
28650,TOWN OF GENOA - VERNON COUNTY,WI,87,85,84,1
28675,VILLAGE OF GENOA CITY - MULTIPLE COUNTIES,WI,198,174,169,5
28725,TOWN OF GEORGETOWN - POLK COUNTY,WI,86,76,76,0
28750,TOWN OF GEORGETOWN - PRICE COUNTY,WI,7,7,7,0
28825,TOWN OF GERMANIA - SHAWANO COUNTY,WI,17,17,17,0
28850,TOWN OF GERMANTOWN - JUNEAU COUNTY,WI,178,172,172,0
28875,VILLAGE OF GERMANTOWN - WASHINGTON COUNTY,WI,2248,2133,2099,34
28900,TOWN OF GERMANTOWN - WASHINGTON COUNTY,WI,28,28,28,0
28950,TOWN OF GIBRALTAR - DOOR COUNTY,WI,186,176,176,0
28975,TOWN OF GIBSON - MANITOWOC COUNTY,WI,86,84,84,0
29050,CITY OF GILLETT - OCONTO COUNTY,WI,112,107,107,0
29075,TOWN OF GILLETT - OCONTO COUNTY,WI,48,48,48,0
29150,TOWN OF GILMAN - PIERCE COUNTY,WI,87,84,84,0
29175,VILLAGE OF GILMAN - TAYLOR COUNTY,WI,15,14,14,0
29225,TOWN OF GILMANTON - BUFFALO COUNTY,WI,20,16,16,0
29250,TOWN OF GINGLES - ASHLAND COUNTY,WI,80,71,70,1
29350,VILLAGE OF GLENBEULAH - SHEBOYGAN COUNTY,WI,29,26,26,0
29375,TOWN OF GLENCOE - BUFFALO COUNTY,WI,21,19,19,0
29400,CITY OF GLENDALE - MILWAUKEE COUNTY,WI,2351,2187,2178,9
29450,TOWN OF GLENDALE - MONROE COUNTY,WI,50,46,46,0
29475,VILLAGE OF GLEN FLORA - RUSK COUNTY,WI,7,7,7,0
29525,TOWN OF GLEN HAVEN - GRANT COUNTY,WI,10,9,9,0
29550,TOWN OF GLENMORE - BROWN COUNTY,WI,83,79,79,0
29600,TOWN OF GLENWOOD - ST. CROIX COUNTY,WI,38,36,36,0
29625,CITY OF GLENWOOD CITY - ST. CROIX COUNTY,WI,51,48,48,0
29700,TOWN OF GOETZ - CHIPPEWA COUNTY,WI,49,48,48,0
29775,TOWN OF GOODMAN - MARINETTE COUNTY,WI,59,57,56,1
29837,TOWN OF GOODRICH - TAYLOR COUNTY,WI,20,20,20,0
29875,TOWN OF GORDON - ASHLAND COUNTY,WI,36,29,29,0
29925,TOWN OF GORDON - DOUGLAS COUNTY,WI,74,70,70,0
30000,VILLAGE OF GRAFTON - OZAUKEE COUNTY,WI,1523,1455,1446,9
30025,TOWN OF GRAFTON - OZAUKEE COUNTY,WI,538,509,507,2
30075,TOWN OF GRAND CHUTE - OUTAGAMIE COUNTY,WI,3309,3136,3124,12
30125,TOWN OF GRAND RAPIDS - WOOD COUNTY,WI,889,853,850,3
30175,TOWN OF GRAND VIEW - BAYFIELD COUNTY,WI,63,61,61,0
30275,TOWN OF GRANT - CLARK COUNTY,WI,37,37,37,0
30300,TOWN OF GRANT - DUNN COUNTY,WI,24,23,23,0
30325,TOWN OF GRANT - MONROE COUNTY,WI,22,20,20,0
30350,TOWN OF GRANT - PORTAGE COUNTY,WI,195,185,185,0
30375,TOWN OF GRANT - RUSK COUNTY,WI,41,34,34,0
30400,TOWN OF GRANT - SHAWANO COUNTY,WI,37,36,36,0
30425,VILLAGE OF GRANTON - CLARK COUNTY,WI,11,8,8,0
30450,VILLAGE OF GRANTSBURG - BURNETT COUNTY,WI,88,81,81,0
30475,TOWN OF GRANTSBURG - BURNETT COUNTY,WI,96,93,93,0
30575,VILLAGE OF GRATIOT - LAFAYETTE COUNTY,WI,7,7,7,0
30600,TOWN OF GRATIOT - LAFAYETTE COUNTY,WI,31,29,29,0
31000,CITY OF GREEN BAY - BROWN COUNTY,WI,10523,9867,9837,30
31025,TOWN OF GREEN BAY - BROWN COUNTY,WI,259,255,255,0
31100,TOWN OF GREENBUSH - SHEBOYGAN COUNTY,WI,183,172,172,0
31125,VILLAGE OF GREENDALE - MILWAUKEE COUNTY,WI,1918,1798,1791,7
31150,TOWN OF GREENFIELD - LA CROSSE COUNTY,WI,225,216,213,3
31175,CITY OF GREENFIELD - MILWAUKEE COUNTY,WI,4462,4231,4219,12
31225,TOWN OF GREENFIELD - MONROE COUNTY,WI,33,31,30,1
31250,TOWN OF GREENFIELD - SAUK COUNTY,WI,74,67,67,0
31275,TOWN OF GREEN GROVE - CLARK COUNTY,WI,11,11,11,0
31300,CITY OF GREEN LAKE - GREEN LAKE COUNTY,WI,86,81,81,0
31350,TOWN OF GREEN LAKE - GREEN LAKE COUNTY,WI,135,133,133,0
31375,VILLAGE OF GREENLEAF - BROWN COUNTY,WI,39,35,35,0
31450,TOWN OF GREEN VALLEY - MARATHON COUNTY,WI,40,38,38,0
31500,TOWN OF GREEN VALLEY - SHAWANO COUNTY,WI,70,63,63,0
31525,VILLAGE OF GREENVILLE - OUTAGAMIE COUNTY,WI,1572,1491,1485,6
31575,CITY OF GREENWOOD - CLARK COUNTY,WI,57,56,56,0
31600,TOWN OF GREENWOOD - TAYLOR COUNTY,WI,37,36,36,0
31625,TOWN OF GREENWOOD - VERNON COUNTY,WI,37,36,36,0
31675,VILLAGE OF GRESHAM - SHAWANO COUNTY,WI,31,28,28,0
31725,TOWN OF GROVER - MARINETTE COUNTY,WI,133,128,128,0
31750,TOWN OF GROVER - TAYLOR COUNTY,WI,22,22,21,1
31775,TOWN OF GROW - RUSK COUNTY,WI,17,14,14,0
31800,TOWN OF GUENTHER - MARATHON COUNTY,WI,10,10,10,0
31825,TOWN OF GULL LAKE - WASHBURN COUNTY,WI,21,19,19,0
31875,TOWN OF GURNEY - IRON COUNTY,WI,9,9,9,0
31925,TOWN OF HACKETT - PRICE COUNTY,WI,15,14,14,0
32050,TOWN OF HALE - TREMPEALEAU COUNTY,WI,73,72,72,0
32075,VILLAGE OF HALES CORNERS - MILWAUKEE COUNTY,WI,809,746,741,5
32125,TOWN OF HALLIE - CHIPPEWA COUNTY,WI,23,21,21,0
32150,TOWN OF HALSEY - MARATHON COUNTY,WI,32,29,29,0
32200,TOWN OF HAMBURG - MARATHON COUNTY,WI,46,45,45,0
32225,TOWN OF HAMBURG - VERNON COUNTY,WI,163,157,153,4
32275,TOWN OF HAMILTON - LA CROSSE COUNTY,WI,320,315,315,0
32300,TOWN OF HAMMEL - TAYLOR COUNTY,WI,60,57,57,0
32325,VILLAGE OF HAMMOND - ST. CROIX COUNTY,WI,126,123,123,0
32350,TOWN OF HAMMOND - ST. CROIX COUNTY,WI,185,175,175,0
32375,TOWN OF HAMPDEN - COLUMBIA COUNTY,WI,42,39,39,0
32450,VILLAGE OF HANCOCK - WAUSHARA COUNTY,WI,18,18,17,1
32475,TOWN OF HANCOCK - WAUSHARA COUNTY,WI,45,44,44,0
32500,TOWN OF HANEY - CRAWFORD COUNTY,WI,23,22,22,0
32575,TOWN OF HANSEN - WOOD COUNTY,WI,51,51,50,1
32650,TOWN OF HARDING - LINCOLN COUNTY,WI,35,32,32,0
32675,TOWN OF HARMONY - PRICE COUNTY,WI,11,11,11,0
32700,TOWN OF HARMONY - ROCK COUNTY,WI,426,409,409,0
32725,TOWN OF HARMONY - VERNON COUNTY,WI,61,56,56,0
32775,TOWN OF HARRIS - MARQUETTE COUNTY,WI,74,74,72,2
32790,VILLAGE OF HARRISON - MULTIPLE COUNTIES,WI,2344,2257,2248,9
32825,TOWN OF HARRISON - GRANT COUNTY,WI,38,35,35,0
32875,TOWN OF HARRISON - LINCOLN COUNTY,WI,72,69,69,0
32900,TOWN OF HARRISON - MARATHON COUNTY,WI,16,16,16,0
32925,TOWN OF HARRISON - WAUPACA COUNTY,WI,16,14,14,0
33000,CITY OF HARTFORD - MULTIPLE COUNTIES,WI,1573,1506,1499,7
33025,TOWN OF HARTFORD - WASHINGTON COUNTY,WI,412,397,395,2
33050,TOWN OF HARTLAND - PIERCE COUNTY,WI,40,40,40,0
33075,TOWN OF HARTLAND - SHAWANO COUNTY,WI,38,38,38,0
33100,VILLAGE OF HARTLAND - WAUKESHA COUNTY,WI,1183,1118,1112,6
33175,VILLAGE OF HATLEY - MARATHON COUNTY,WI,33,32,32,0
33225,VILLAGE OF HAUGEN - BARRON COUNTY,WI,11,11,11,0
33275,VILLAGE OF HAWKINS - RUSK COUNTY,WI,22,22,22,0
33300,TOWN OF HAWKINS - RUSK COUNTY,WI,11,11,11,0
33350,TOWN OF HAWTHORNE - DOUGLAS COUNTY,WI,82,66,66,0
33400,TOWN OF HAY RIVER - DUNN COUNTY,WI,33,32,32,0
33450,CITY OF HAYWARD - SAWYER COUNTY,WI,184,182,180,2
33475,TOWN OF HAYWARD - SAWYER COUNTY,WI,377,361,358,3
33500,VILLAGE OF HAZEL GREEN - MULTIPLE COUNTIES,WI,85,73,73,0
33525,TOWN OF HAZEL GREEN - GRANT COUNTY,WI,96,88,88,0
33575,TOWN OF HAZELHURST - ONEIDA COUNTY,WI,149,141,141,0
33700,TOWN OF HEBRON - JEFFERSON COUNTY,WI,85,78,78,0
33850,TOWN OF HELVETIA - WAUPACA COUNTY,WI,38,36,36,0
33900,TOWN OF HENDREN - CLARK COUNTY,WI,23,22,22,0
33925,TOWN OF HENRIETTA - RICHLAND COUNTY,WI,29,29,28,1
34000,TOWN OF HERMAN - DODGE COUNTY,WI,75,75,72,3
34025,TOWN OF HERMAN - SHAWANO COUNTY,WI,38,35,35,0
34050,TOWN OF HERMAN - SHEBOYGAN COUNTY,WI,121,115,114,1
34200,TOWN OF HEWETT - CLARK COUNTY,WI,24,20,20,0
34225,TOWN OF HEWITT - MARATHON COUNTY,WI,38,35,35,0
34250,VILLAGE OF HEWITT - WOOD COUNTY,WI,71,67,66,1
34300,TOWN OF HICKORY GROVE - GRANT COUNTY,WI,19,17,17,0
34425,TOWN OF HIGHLAND - DOUGLAS COUNTY,WI,24,24,24,0
34450,VILLAGE OF HIGHLAND - IOWA COUNTY,WI,62,59,59,0
34475,TOWN OF HIGHLAND - IOWA COUNTY,WI,42,36,36,0
34575,VILLAGE OF HILBERT - CALUMET COUNTY,WI,61,55,55,0
34650,TOWN OF HILES - FOREST COUNTY,WI,103,91,88,3
34675,TOWN OF HILES - WOOD COUNTY,WI,3,3,3,0
34725,TOWN OF HILL - PRICE COUNTY,WI,42,38,38,0
34825,CITY OF HILLSBORO - VERNON COUNTY,WI,179,176,176,0
34850,TOWN OF HILLSBORO - VERNON COUNTY,WI,57,52,52,0
35050,TOWN OF HIXON - CLARK COUNTY,WI,19,18,18,0
35075,VILLAGE OF HIXTON - JACKSON COUNTY,WI,19,19,18,1
35100,TOWN OF HIXTON - JACKSON COUNTY,WI,35,31,31,0
35125,TOWN OF HOARD - CLARK COUNTY,WI,22,19,18,1
35150,VILLAGE OF HOBART - BROWN COUNTY,WI,1474,1372,1366,6
35325,TOWN OF HOLLAND - BROWN COUNTY,WI,172,164,164,0
35350,TOWN OF HOLLAND - LA CROSSE COUNTY,WI,462,440,440,0
35375,TOWN OF HOLLAND - SHEBOYGAN COUNTY,WI,267,259,258,1
35400,VILLAGE OF HOLLANDALE - IOWA COUNTY,WI,17,15,15,0
35450,VILLAGE OF HOLMEN - LA CROSSE COUNTY,WI,1569,1483,1479,4
35500,TOWN OF HOLTON - MARATHON COUNTY,WI,54,52,52,0
35525,TOWN OF HOLWAY - TAYLOR COUNTY,WI,22,20,20,0
35600,TOWN OF HOMESTEAD - FLORENCE COUNTY,WI,58,54,54,0
35625,TOWN OF HONEY CREEK - SAUK COUNTY,WI,44,43,43,0
35750,CITY OF HORICON - DODGE COUNTY,WI,327,315,315,0
35825,TOWN OF HORTONIA - OUTAGAMIE COUNTY,WI,85,75,74,1
35850,VILLAGE OF HORTONVILLE - OUTAGAMIE COUNTY,WI,220,198,198,0
35925,TOWN OF HOW - OCONTO COUNTY,WI,26,26,26,0
35950,VILLAGE OF HOWARD - MULTIPLE COUNTIES,WI,2651,2500,2493,7
36000,TOWN OF HOWARD - CHIPPEWA COUNTY,WI,34,33,33,0
36025,VILLAGE OF HOWARDS GROVE - SHEBOYGAN COUNTY,WI,247,232,231,1
36100,TOWN OF HUBBARD - DODGE COUNTY,WI,176,168,168,0
36125,TOWN OF HUBBARD - RUSK COUNTY,WI,9,9,9,0
36250,CITY OF HUDSON - ST. CROIX COUNTY,WI,2109,2009,1996,13
36275,TOWN OF HUDSON - ST. CROIX COUNTY,WI,1626,1559,1550,9
36300,TOWN OF HUGHES - BAYFIELD COUNTY,WI,68,67,67,0
36325,TOWN OF HULL - MARATHON COUNTY,WI,22,21,21,0
36350,TOWN OF HULL - PORTAGE COUNTY,WI,645,617,617,0
36425,TOWN OF HUMBOLDT - BROWN COUNTY,WI,80,75,75,0
36450,TOWN OF HUNTER - SAWYER COUNTY,WI,84,80,80,0
36525,CITY OF HURLEY - IRON COUNTY,WI,166,158,157,1
36625,VILLAGE OF HUSTISFORD - DODGE COUNTY,WI,57,54,54,0
36650,TOWN OF HUSTISFORD - DODGE COUNTY,WI,110,98,96,2
36675,VILLAGE OF HUSTLER - JUNEAU COUNTY,WI,8,8,8,0
36700,TOWN OF HUTCHINS - SHAWANO COUNTY,WI,25,24,24,0
36800,CITY OF INDEPENDENCE - TREMPEALEAU COUNTY,WI,62,57,56,1
36925,VILLAGE OF INGRAM - RUSK COUNTY,WI,3,3,3,0
37025,VILLAGE OF IOLA - WAUPACA COUNTY,WI,74,66,66,0
37050,TOWN OF IOLA - WAUPACA COUNTY,WI,104,97,97,0
37150,VILLAGE OF IRON RIDGE - DODGE COUNTY,WI,47,41,41,0
37200,TOWN OF IRON RIVER - BAYFIELD COUNTY,WI,153,139,139,0
37225,VILLAGE OF IRONTON - SAUK COUNTY,WI,7,7,7,0
37250,TOWN OF IRONTON - SAUK COUNTY,WI,25,24,23,1
37275,TOWN OF IRVING - JACKSON COUNTY,WI,49,48,48,0
37350,TOWN OF ISABELLE - PIERCE COUNTY,WI,23,18,18,0
37500,TOWN OF ITHACA - RICHLAND COUNTY,WI,35,32,32,0
37600,TOWN OF IXONIA - JEFFERSON COUNTY,WI,446,423,423,0
37625,TOWN OF JACKSON - ADAMS COUNTY,WI,134,130,130,0
37650,TOWN OF JACKSON - BURNETT COUNTY,WI,133,115,115,0
37675,VILLAGE OF JACKSON - WASHINGTON COUNTY,WI,764,711,707,4
37700,TOWN OF JACKSON - WASHINGTON COUNTY,WI,472,451,448,3
37750,TOWN OF JACKSONPORT - DOOR COUNTY,WI,133,124,123,1
37775,TOWN OF JACOBS - ASHLAND COUNTY,WI,32,29,26,3
37800,TOWN OF JAMESTOWN - GRANT COUNTY,WI,280,266,265,1
37825,CITY OF JANESVILLE - ROCK COUNTY,WI,8274,7792,7767,25
37850,TOWN OF JANESVILLE - ROCK COUNTY,WI,631,602,600,2
37875,TOWN OF JEFFERSON - GREEN COUNTY,WI,74,72,72,0
37900,CITY OF JEFFERSON - JEFFERSON COUNTY,WI,676,644,643,1
37925,TOWN OF JEFFERSON - JEFFERSON COUNTY,WI,223,216,216,0
37950,TOWN OF JEFFERSON - MONROE COUNTY,WI,37,34,34,0
37975,TOWN OF JEFFERSON - VERNON COUNTY,WI,116,111,111,0
38300,TOWN OF JOHNSON - MARATHON COUNTY,WI,26,24,24,0
38350,VILLAGE OF JOHNSON CREEK - JEFFERSON COUNTY,WI,311,296,295,1
38400,TOWN OF JOHNSTOWN - POLK COUNTY,WI,27,27,26,1
38450,TOWN OF JOHNSTOWN - ROCK COUNTY,WI,44,39,38,1
38550,TOWN OF JORDAN - GREEN COUNTY,WI,32,32,32,0
38627,TOWN OF JUMP RIVER - TAYLOR COUNTY,WI,17,15,15,0
38650,VILLAGE OF JUNCTION CITY - PORTAGE COUNTY,WI,19,16,16,0
38675,CITY OF JUNEAU - DODGE COUNTY,WI,95,85,83,2
38800,CITY OF KAUKAUNA - MULTIPLE COUNTIES,WI,1962,1871,1866,5
38825,TOWN OF KAUKAUNA - OUTAGAMIE COUNTY,WI,141,137,137,0
38900,VILLAGE OF KEKOSKEE - DODGE COUNTY,WI,43,41,41,0
39000,VILLAGE OF KELLNERSVILLE - MANITOWOC COUNTY,WI,9,9,8,1
39025,TOWN OF KELLY - BAYFIELD COUNTY,WI,33,32,32,0
39125,TOWN OF KENDALL - LAFAYETTE COUNTY,WI,21,21,21,0
39150,VILLAGE OF KENDALL - MONROE COUNTY,WI,26,23,23,0
39175,VILLAGE OF KENNAN - PRICE COUNTY,WI,10,10,10,0
39200,TOWN OF KENNAN - PRICE COUNTY,WI,28,27,26,1
39225,CITY OF KENOSHA - KENOSHA COUNTY,WI,9644,8911,8892,19
39300,VILLAGE OF KEWASKUM - MULTIPLE COUNTIES,WI,364,339,338,1
39325,TOWN OF KEWASKUM - WASHINGTON COUNTY,WI,87,82,82,0
39350,CITY OF KEWAUNEE - KEWAUNEE COUNTY,WI,210,203,202,1
39425,TOWN OF KEYSTONE - BAYFIELD COUNTY,WI,32,28,28,0
39475,TOWN OF KICKAPOO - VERNON COUNTY,WI,61,59,59,0
39525,CITY OF KIEL - MULTIPLE COUNTIES,WI,362,343,336,7
39575,TOWN OF KILDARE - JUNEAU COUNTY,WI,45,41,41,0
39625,TOWN OF KIMBALL - IRON COUNTY,WI,52,48,48,0
39650,VILLAGE OF KIMBERLY - OUTAGAMIE COUNTY,WI,869,832,821,11
39675,TOWN OF KING - LINCOLN COUNTY,WI,125,122,122,0
39750,VILLAGE OF KINGSTON - GREEN LAKE COUNTY,WI,9,9,9,0
39775,TOWN OF KINGSTON - GREEN LAKE COUNTY,WI,26,25,25,0
39800,TOWN OF KINGSTON - JUNEAU COUNTY,WI,4,3,3,0
39825,TOWN OF KINNICKINNIC - ST. CROIX COUNTY,WI,171,165,165,0
39975,VILLAGE OF KNAPP - DUNN COUNTY,WI,26,22,22,0
40000,TOWN OF KNAPP - JACKSON COUNTY,WI,10,10,10,0
40075,TOWN OF KNIGHT - IRON COUNTY,WI,13,13,13,0
40150,TOWN OF KNOWLTON - MARATHON COUNTY,WI,211,197,194,3
40175,TOWN OF KNOX - PRICE COUNTY,WI,18,18,18,0
40275,VILLAGE OF KOHLER - SHEBOYGAN COUNTY,WI,224,202,202,0
40325,TOWN OF KOMENSKY - JACKSON COUNTY,WI,7,5,5,0
40375,TOWN OF KOSHKONONG - JEFFERSON COUNTY,WI,354,340,340,0
40425,TOWN OF KOSSUTH - MANITOWOC COUNTY,WI,169,163,163,0
40550,VILLAGE OF KRONENWETTER - MARATHON COUNTY,WI,957,907,905,2
40687,TOWN OF LAC DU FLAMBEAU - VILAS COUNTY,WI,297,279,277,2
40750,VILLAGE OF LAC LA BELLE - MULTIPLE COUNTIES,WI,65,62,62,0
40775,CITY OF LA CROSSE - LA CROSSE COUNTY,WI,4705,4388,4368,20
40850,CITY OF LADYSMITH - RUSK COUNTY,WI,203,193,193,0
40875,VILLAGE OF LA FARGE - VERNON COUNTY,WI,73,71,71,0
40900,TOWN OF LAFAYETTE - CHIPPEWA COUNTY,WI,612,583,583,0
40925,TOWN OF LAFAYETTE - MONROE COUNTY,WI,25,22,22,0
40950,TOWN OF LAFAYETTE - WALWORTH COUNTY,WI,293,278,275,3
40975,TOWN OF LA FOLLETTE - BURNETT COUNTY,WI,38,34,34,0
41000,TOWN OF LA GRANGE - MONROE COUNTY,WI,127,122,122,0
41050,TOWN OF LA GRANGE - WALWORTH COUNTY,WI,362,346,340,6
41075,TOWN OF LAKE - MARINETTE COUNTY,WI,101,95,95,0
41150,TOWN OF LAKE - PRICE COUNTY,WI,119,115,115,0
41300,VILLAGE OF LAKE DELTON - SAUK COUNTY,WI,200,184,184,0
41450,CITY OF LAKE GENEVA - WALWORTH COUNTY,WI,1027,943,937,6
41525,VILLAGE OF LAKE HALLIE - MULTIPLE COUNTIES,WI,671,640,638,2
41550,TOWN OF LAKE HOLCOMBE - CHIPPEWA COUNTY,WI,110,104,104,0
41600,TOWN OF LAKELAND - BARRON COUNTY,WI,84,76,76,0
41675,CITY OF LAKE MILLS - JEFFERSON COUNTY,WI,739,693,686,7
41700,TOWN OF LAKE MILLS - JEFFERSON COUNTY,WI,428,418,415,3
41725,VILLAGE OF LAKE NEBAGAMON - DOUGLAS COUNTY,WI,150,135,135,0
41800,TOWN OF LAKESIDE - DOUGLAS COUNTY,WI,46,42,42,0
41887,TOWN OF LAKE TOMAHAWK - ONEIDA COUNTY,WI,122,119,119,0
41900,TOWN OF LAKETOWN - POLK COUNTY,WI,81,74,74,0
42075,TOWN OF LAKEWOOD - OCONTO COUNTY,WI,102,98,98,0
42125,TOWN OF LAMARTINE - FOND DU LAC COUNTY,WI,128,119,119,0
42175,TOWN OF LAMONT - LAFAYETTE COUNTY,WI,15,12,12,0
42225,TOWN OF LANARK - PORTAGE COUNTY,WI,157,147,146,1
42250,CITY OF LANCASTER - GRANT COUNTY,WI,279,261,259,2
42325,TOWN OF LAND O-LAKES - VILAS COUNTY,WI,136,134,133,1
42425,TOWN OF LANGLADE - LANGLADE COUNTY,WI,49,49,49,0
42450,VILLAGE OF LANNON - WAUKESHA COUNTY,WI,191,178,178,0
42500,TOWN OF LAONA - FOREST COUNTY,WI,116,103,100,3
42562,TOWN OF LA POINTE - ASHLAND COUNTY,WI,52,49,49,0
42575,TOWN OF LA PRAIRIE - ROCK COUNTY,WI,49,47,46,1
42650,TOWN OF LARRABEE - WAUPACA COUNTY,WI,77,72,72,0
42825,VILLAGE OF LAVALLE - SAUK COUNTY,WI,22,18,18,0
42850,TOWN OF LA VALLE - SAUK COUNTY,WI,129,123,122,1
42900,TOWN OF LAWRENCE - BROWN COUNTY,WI,884,844,834,10
42950,TOWN OF LAWRENCE - RUSK COUNTY,WI,21,19,19,0
43050,TOWN OF LEBANON - DODGE COUNTY,WI,77,73,73,0
43075,TOWN OF LEBANON - WAUPACA COUNTY,WI,114,110,109,1
43090,TOWN OF LEDGEVIEW - BROWN COUNTY,WI,1531,1446,1439,7
43125,TOWN OF LEEDS - COLUMBIA COUNTY,WI,55,49,49,0
43300,TOWN OF LEMONWEIR - JUNEAU COUNTY,WI,87,84,84,0
43325,VILLAGE OF LENA - OCONTO COUNTY,WI,16,16,16,0
43350,TOWN OF LENA - OCONTO COUNTY,WI,40,40,40,0
43400,TOWN OF LENROOT - SAWYER COUNTY,WI,138,128,128,0
43425,TOWN OF LEOLA - ADAMS COUNTY,WI,22,21,21,0
43475,TOWN OF LEON - MONROE COUNTY,WI,82,78,78,0
43500,TOWN OF LEON - WAUSHARA COUNTY,WI,143,138,138,0
43650,TOWN OF LEROY - DODGE COUNTY,WI,55,48,48,0
43675,TOWN OF LESSOR - SHAWANO COUNTY,WI,91,87,87,0
43700,TOWN OF LEVIS - CLARK COUNTY,WI,30,28,28,0
43775,TOWN OF LEWISTON - COLUMBIA COUNTY,WI,129,116,116,0
43825,TOWN OF LIBERTY - GRANT COUNTY,WI,19,18,18,0
43850,TOWN OF LIBERTY - MANITOWOC COUNTY,WI,85,83,82,1
43875,TOWN OF LIBERTY - OUTAGAMIE COUNTY,WI,69,69,69,0
43900,TOWN OF LIBERTY - VERNON COUNTY,WI,39,39,39,0
43925,TOWN OF LIBERTY GROVE - DOOR COUNTY,WI,338,319,314,5
44050,TOWN OF LIMA - GRANT COUNTY,WI,43,41,41,0
44075,TOWN OF LIMA - PEPIN COUNTY,WI,40,40,40,0
44125,TOWN OF LIMA - ROCK COUNTY,WI,114,100,100,0
44150,TOWN OF LIMA - SHEBOYGAN COUNTY,WI,262,250,248,2
44225,VILLAGE OF LIME RIDGE - SAUK COUNTY,WI,4,3,2,1
44250,TOWN OF LINCOLN - ADAMS COUNTY,WI,32,28,28,0
44275,TOWN OF LINCOLN - BAYFIELD COUNTY,WI,40,38,38,0
44300,TOWN OF LINCOLN - BUFFALO COUNTY,WI,22,21,21,0
44325,TOWN OF LINCOLN - BURNETT COUNTY,WI,24,23,23,0
44350,TOWN OF LINCOLN - EAU CLAIRE COUNTY,WI,86,82,82,0
44375,TOWN OF LINCOLN - FOREST COUNTY,WI,121,118,117,1
44425,TOWN OF LINCOLN - KEWAUNEE COUNTY,WI,75,71,70,1
44450,TOWN OF LINCOLN - MONROE COUNTY,WI,54,53,53,0
44475,TOWN OF LINCOLN - POLK COUNTY,WI,230,216,216,0
44500,TOWN OF LINCOLN - TREMPEALEAU COUNTY,WI,44,42,42,0
44525,TOWN OF LINCOLN - VILAS COUNTY,WI,295,286,286,0
44550,TOWN OF LINCOLN - WOOD COUNTY,WI,147,138,138,0
44575,TOWN OF LIND - WAUPACA COUNTY,WI,119,112,112,0
44625,VILLAGE OF LINDEN - IOWA COUNTY,WI,24,23,23,0
44650,TOWN OF LINDEN - IOWA COUNTY,WI,50,42,42,0
44675,TOWN OF LINDINA - JUNEAU COUNTY,WI,60,59,59,0
44750,TOWN OF LINN - WALWORTH COUNTY,WI,296,270,270,0
44800,TOWN OF LINWOOD - PORTAGE COUNTY,WI,121,115,115,0
44825,TOWN OF LISBON - JUNEAU COUNTY,WI,52,51,51,0
44847,VILLAGE OF LISBON - WAUKESHA COUNTY,WI,1581,1487,1473,14
44850,TOWN OF LISBON - WAUKESHA COUNTY,WI,0,0,0,0
44900,TOWN OF LITTLE BLACK - TAYLOR COUNTY,WI,59,53,53,0
44950,VILLAGE OF LITTLE CHUTE - OUTAGAMIE COUNTY,WI,1307,1224,1224,0
44975,TOWN OF LITTLE FALLS - MONROE COUNTY,WI,71,69,69,0
45025,TOWN OF LITTLE GRANT - GRANT COUNTY,WI,8,8,8,0
45150,TOWN OF LITTLE RICE - ONEIDA COUNTY,WI,32,31,31,0
45175,TOWN OF LITTLE RIVER - OCONTO COUNTY,WI,65,61,61,0
45275,TOWN OF LITTLE SUAMICO - OCONTO COUNTY,WI,984,963,959,4
45300,TOWN OF LITTLE WOLF - WAUPACA COUNTY,WI,90,88,88,0
45325,VILLAGE OF LIVINGSTON - MULTIPLE COUNTIES,WI,27,27,27,0
45350,CITY OF LODI - COLUMBIA COUNTY,WI,371,356,353,3
45375,TOWN OF LODI - COLUMBIA COUNTY,WI,459,435,435,0
45400,VILLAGE OF LOGANVILLE - SAUK COUNTY,WI,5,5,5,0
45425,VILLAGE OF LOHRVILLE - WAUSHARA COUNTY,WI,12,11,11,0
45475,VILLAGE OF LOMIRA - DODGE COUNTY,WI,127,114,114,0
45500,TOWN OF LOMIRA - DODGE COUNTY,WI,61,58,58,0
45575,VILLAGE OF LONE ROCK - RICHLAND COUNTY,WI,38,35,35,0
45625,TOWN OF LONG LAKE - FLORENCE COUNTY,WI,28,25,25,0
45650,TOWN OF LONG LAKE - WASHBURN COUNTY,WI,84,75,72,3
45700,TOWN OF LONGWOOD - CLARK COUNTY,WI,17,17,17,0
45775,TOWN OF LORAIN - POLK COUNTY,WI,21,19,19,0
45950,VILLAGE OF LOWELL - DODGE COUNTY,WI,21,18,15,3
45975,TOWN OF LOWELL - DODGE COUNTY,WI,78,75,75,0
46050,TOWN OF LOWVILLE - COLUMBIA COUNTY,WI,109,106,106,0
46075,CITY OF LOYAL - CLARK COUNTY,WI,68,65,65,0
46100,TOWN OF LOYAL - CLARK COUNTY,WI,13,12,12,0
46150,VILLAGE OF LUBLIN - TAYLOR COUNTY,WI,10,10,10,0
46175,TOWN OF LUCAS - DUNN COUNTY,WI,43,40,40,0
46200,VILLAGE OF LUCK - POLK COUNTY,WI,60,58,58,0
46225,TOWN OF LUCK - POLK COUNTY,WI,66,62,62,0
46275,TOWN OF LUDINGTON - EAU CLAIRE COUNTY,WI,71,66,64,2
46400,VILLAGE OF LUXEMBURG - KEWAUNEE COUNTY,WI,164,161,161,0
46425,TOWN OF LUXEMBURG - KEWAUNEE COUNTY,WI,101,101,100,1
46525,TOWN OF LYNDON - JUNEAU COUNTY,WI,122,115,115,0
46575,TOWN OF LYNDON - SHEBOYGAN COUNTY,WI,121,110,110,0
46600,VILLAGE OF LYNDON STATION - JUNEAU COUNTY,WI,33,33,33,0
46625,TOWN OF LYNN - CLARK COUNTY,WI,28,26,26,0
46650,TOWN OF LYNNE - ONEIDA COUNTY,WI,25,24,24,0
46675,VILLAGE OF LYNXVILLE - CRAWFORD COUNTY,WI,5,4,4,0
46725,TOWN OF LYONS - WALWORTH COUNTY,WI,296,274,274,0
46850,VILLAGE OF MCFARLAND - DANE COUNTY,WI,1442,1387,1387,0
46875,TOWN OF MACKFORD - GREEN LAKE COUNTY,WI,26,24,24,0
46900,TOWN OF MCKINLEY - POLK COUNTY,WI,35,33,33,0
46925,TOWN OF MCKINLEY - TAYLOR COUNTY,WI,17,13,13,0
46975,TOWN OF MCMILLAN - MARATHON COUNTY,WI,212,200,199,1
47025,TOWN OF MADGE - WASHBURN COUNTY,WI,87,85,85,0
48000,CITY OF MADISON - DANE COUNTY,WI,38288,35554,35404,150
48150,TOWN OF MAGNOLIA - ROCK COUNTY,WI,57,52,52,0
48175,VILLAGE OF MAIDEN ROCK - PIERCE COUNTY,WI,1,1,1,0
48200,TOWN OF MAIDEN ROCK - PIERCE COUNTY,WI,52,50,49,1
48225,VILLAGE OF MAINE - MARATHON COUNTY,WI,292,280,280,0
48250,TOWN OF MAINE - OUTAGAMIE COUNTY,WI,27,24,22,2
48350,CITY OF MANAWA - WAUPACA COUNTY,WI,62,57,57,0
48400,TOWN OF MANCHESTER - GREEN LAKE COUNTY,WI,22,22,22,0
48425,TOWN OF MANCHESTER - JACKSON COUNTY,WI,45,41,41,0
48462,TOWN OF MANITOWISH WATERS - VILAS COUNTY,WI,114,107,107,0
48500,CITY OF MANITOWOC - MANITOWOC COUNTY,WI,2800,2643,2630,13
48525,TOWN OF MANITOWOC - MANITOWOC COUNTY,WI,107,99,99,0
48575,TOWN OF MANITOWOC RAPIDS - MANITOWOC COUNTY,WI,307,295,295,0
48725,TOWN OF MAPLE - DOUGLAS COUNTY,WI,46,44,44,0
48750,VILLAGE OF MAPLE BLUFF - DANE COUNTY,WI,255,228,227,1
48775,TOWN OF MAPLE CREEK - OUTAGAMIE COUNTY,WI,19,19,19,0
48825,TOWN OF MAPLE GROVE - BARRON COUNTY,WI,60,57,57,0
48875,TOWN OF MAPLE GROVE - MANITOWOC COUNTY,WI,44,43,43,0
48900,TOWN OF MAPLE GROVE - SHAWANO COUNTY,WI,99,96,94,2
48925,TOWN OF MAPLEHURST - TAYLOR COUNTY,WI,12,12,12,0
48950,TOWN OF MAPLE PLAIN - BARRON COUNTY,WI,85,80,80,0
49000,TOWN OF MAPLE VALLEY - OCONTO COUNTY,WI,40,34,34,0
49075,TOWN OF MARATHON - MARATHON COUNTY,WI,78,77,76,1
49100,VILLAGE OF MARATHON CITY - MARATHON COUNTY,WI,86,77,76,1
49150,TOWN OF MARCELLON - COLUMBIA COUNTY,WI,54,52,52,0
49200,TOWN OF MARENGO - ASHLAND COUNTY,WI,20,20,20,0
49250,VILLAGE OF MARIBEL - MANITOWOC COUNTY,WI,12,12,12,0
49275,TOWN OF MARIETTA - CRAWFORD COUNTY,WI,19,18,18,0
49300,CITY OF MARINETTE - MARINETTE COUNTY,WI,1001,941,941,0
49350,TOWN OF MARION - GRANT COUNTY,WI,34,29,29,0
49375,TOWN OF MARION - JUNEAU COUNTY,WI,33,28,28,0
49400,CITY OF MARION - MULTIPLE COUNTIES,WI,62,56,56,0
49425,TOWN OF MARION - WAUSHARA COUNTY,WI,246,227,225,2
49450,CITY OF MARKESAN - GREEN LAKE COUNTY,WI,62,56,56,0
49500,VILLAGE OF MARQUETTE - GREEN LAKE COUNTY,WI,19,18,18,0
49525,TOWN OF MARQUETTE - GREEN LAKE COUNTY,WI,49,45,45,0
49575,VILLAGE OF MARSHALL - DANE COUNTY,WI,325,295,294,1
49600,TOWN OF MARSHALL - RICHLAND COUNTY,WI,50,48,48,0
49625,TOWN OF MARSHALL - RUSK COUNTY,WI,25,25,25,0
49650,TOWN OF MARSHFIELD - FOND DU LAC COUNTY,WI,67,63,63,0
49675,CITY OF MARSHFIELD - MULTIPLE COUNTIES,WI,1836,1729,1719,10
49700,TOWN OF MARSHFIELD - WOOD COUNTY,WI,80,76,76,0
49775,TOWN OF MARTELL - PIERCE COUNTY,WI,116,113,112,1
49900,VILLAGE OF MASON - BAYFIELD COUNTY,WI,14,14,14,0
49925,TOWN OF MASON - BAYFIELD COUNTY,WI,22,21,21,0
49975,TOWN OF MATTESON - WAUPACA COUNTY,WI,60,58,58,0
50000,VILLAGE OF MATTOON - SHAWANO COUNTY,WI,15,14,14,0
50025,CITY OF MAUSTON - JUNEAU COUNTY,WI,265,252,249,3
50075,TOWN OF MAXVILLE - BUFFALO COUNTY,WI,28,28,28,0
50175,TOWN OF MAYVILLE - CLARK COUNTY,WI,37,36,36,0
50200,CITY OF MAYVILLE - DODGE COUNTY,WI,470,442,438,4
50225,VILLAGE OF MAZOMANIE - DANE COUNTY,WI,185,175,174,1
50250,TOWN OF MAZOMANIE - DANE COUNTY,WI,101,95,95,0
50275,TOWN OF MEAD - CLARK COUNTY,WI,16,15,15,0
50300,TOWN OF MEADOWBROOK - SAWYER COUNTY,WI,11,11,11,0
50350,TOWN OF MECAN - MARQUETTE COUNTY,WI,71,67,66,1
50400,TOWN OF MEDARY - LA CROSSE COUNTY,WI,232,228,227,1
50425,CITY OF MEDFORD - TAYLOR COUNTY,WI,356,337,335,2
50450,TOWN OF MEDFORD - TAYLOR COUNTY,WI,242,234,233,1
50475,TOWN OF MEDINA - DANE COUNTY,WI,180,172,172,0
50625,TOWN OF MEEME - MANITOWOC COUNTY,WI,106,103,103,0
50650,TOWN OF MEENON - BURNETT COUNTY,WI,78,70,69,1
50700,CITY OF MELLEN - ASHLAND COUNTY,WI,39,35,35,0
50750,VILLAGE OF MELROSE - JACKSON COUNTY,WI,23,21,21,0
50775,TOWN OF MELROSE - JACKSON COUNTY,WI,22,22,22,0
50800,VILLAGE OF MELVINA - MONROE COUNTY,WI,0,0,0,0
50825,CITY OF MENASHA - MULTIPLE COUNTIES,WI,1713,1625,1623,2
50975,TOWN OF MENOMINEE - MENOMINEE COUNTY,WI,146,134,131,3
51000,VILLAGE OF MENOMONEE FALLS - WAUKESHA COUNTY,WI,5058,4712,4676,36
51025,CITY OF MENOMONIE - DUNN COUNTY,WI,1360,1274,1268,6
51050,TOWN OF MENOMONIE - DUNN COUNTY,WI,404,381,381,0
51125,TOWN OF MENTOR - CLARK COUNTY,WI,24,18,18,0
51150,CITY OF MEQUON - OZAUKEE COUNTY,WI,4329,4000,3944,56
51200,TOWN OF MERCER - IRON COUNTY,WI,236,227,225,2
51250,CITY OF MERRILL - LINCOLN COUNTY,WI,608,577,576,1
51275,TOWN OF MERRILL - LINCOLN COUNTY,WI,266,253,250,3
51300,VILLAGE OF MERRILLAN - JACKSON COUNTY,WI,29,29,29,0
51325,VILLAGE OF MERRIMAC - SAUK COUNTY,WI,46,42,42,0
51350,TOWN OF MERRIMAC - SAUK COUNTY,WI,197,190,189,1
51375,VILLAGE OF MERTON - WAUKESHA COUNTY,WI,486,448,448,0
51400,TOWN OF MERTON - WAUKESHA COUNTY,WI,1328,1251,1243,8
51425,TOWN OF METEOR - SAWYER COUNTY,WI,10,9,9,0
51450,TOWN OF METOMEN - FOND DU LAC COUNTY,WI,42,41,41,0
51537,TOWN OF MIDDLE INLET - MARINETTE COUNTY,WI,58,51,51,0
51575,CITY OF MIDDLETON - DANE COUNTY,WI,4762,4551,4542,9
51600,TOWN OF MIDDLETON - DANE COUNTY,WI,1661,1579,1568,11
51725,TOWN OF MIFFLIN - IOWA COUNTY,WI,27,26,26,0
51850,TOWN OF MILFORD - JEFFERSON COUNTY,WI,99,96,94,2
51875,VILLAGE OF MILLADORE - MULTIPLE COUNTIES,WI,15,14,14,0
51900,TOWN OF MILLADORE - WOOD COUNTY,WI,35,33,33,0
52050,TOWN OF MILLSTON - JACKSON COUNTY,WI,6,6,6,0
52075,VILLAGE OF MILLTOWN - POLK COUNTY,WI,50,46,46,0
52100,TOWN OF MILLTOWN - POLK COUNTY,WI,101,89,89,0
52150,TOWN OF MILLVILLE - GRANT COUNTY,WI,7,7,7,0
52175,TOWN OF MILTON - BUFFALO COUNTY,WI,27,26,26,0
52200,CITY OF MILTON - ROCK COUNTY,WI,495,473,471,2
52225,TOWN OF MILTON - ROCK COUNTY,WI,378,362,359,3
53000,CITY OF MILWAUKEE - MULTIPLE COUNTIES,WI,45937,40643,40397,246
53100,CITY OF MINERAL POINT - IOWA COUNTY,WI,299,275,275,0
53125,TOWN OF MINERAL POINT - IOWA COUNTY,WI,135,125,125,0
53225,TOWN OF MINOCQUA - ONEIDA COUNTY,WI,841,802,800,2
53250,VILLAGE OF MINONG - WASHBURN COUNTY,WI,26,24,24,0
53275,TOWN OF MINONG - WASHBURN COUNTY,WI,110,102,102,0
53325,VILLAGE OF MISHICOT - MANITOWOC COUNTY,WI,96,88,87,1
53350,TOWN OF MISHICOT - MANITOWOC COUNTY,WI,89,86,84,2
53375,TOWN OF MITCHELL - SHEBOYGAN COUNTY,WI,108,103,103,0
53450,TOWN OF MODENA - BUFFALO COUNTY,WI,12,10,10,0
53550,TOWN OF MOLITOR - TAYLOR COUNTY,WI,28,28,28,0
53600,CITY OF MONDOVI - BUFFALO COUNTY,WI,138,132,132,0
53625,TOWN OF MONDOVI - BUFFALO COUNTY,WI,13,13,13,0
53662,TOWN OF MONICO - ONEIDA COUNTY,WI,16,16,16,0
53675,CITY OF MONONA - DANE COUNTY,WI,1373,1283,1278,5
53725,TOWN OF MONROE - ADAMS COUNTY,WI,39,39,39,0
53750,CITY OF MONROE - GREEN COUNTY,WI,1001,966,957,9
53775,TOWN OF MONROE - GREEN COUNTY,WI,110,106,106,0
53850,TOWN OF MONTANA - BUFFALO COUNTY,WI,6,6,6,0
53875,CITY OF MONTELLO - MARQUETTE COUNTY,WI,115,102,102,0
53900,TOWN OF MONTELLO - MARQUETTE COUNTY,WI,124,121,119,2
53950,VILLAGE OF MONTFORT - MULTIPLE COUNTIES,WI,32,28,28,0
54000,VILLAGE OF MONTICELLO - GREEN COUNTY,WI,72,65,65,0
54025,TOWN OF MONTICELLO - LAFAYETTE COUNTY,WI,7,7,7,0
54050,TOWN OF MONTPELIER - KEWAUNEE COUNTY,WI,74,72,69,3
54075,CITY OF MONTREAL - IRON COUNTY,WI,78,75,74,1
54100,TOWN OF MONTROSE - DANE COUNTY,WI,103,82,82,0
54200,TOWN OF MORGAN - OCONTO COUNTY,WI,84,76,76,0
54250,TOWN OF MORRIS - SHAWANO COUNTY,WI,24,21,21,0
54300,TOWN OF MORRISON - BROWN COUNTY,WI,107,104,104,0
54400,TOWN OF MORSE - ASHLAND COUNTY,WI,52,49,49,0
54425,TOWN OF MOSCOW - IOWA COUNTY,WI,51,50,50,0
54475,TOWN OF MOSEL - SHEBOYGAN COUNTY,WI,48,45,45,0
54500,CITY OF MOSINEE - MARATHON COUNTY,WI,402,370,368,2
54525,TOWN OF MOSINEE - MARATHON COUNTY,WI,212,190,189,1
54600,TOWN OF MOUNDVILLE - MARQUETTE COUNTY,WI,34,34,34,0
54630,TOWN OF MOUNTAIN - OCONTO COUNTY,WI,117,114,113,1
54650,VILLAGE OF MOUNT CALVARY - FOND DU LAC COUNTY,WI,32,31,31,0
54675,VILLAGE OF MOUNT HOPE - GRANT COUNTY,WI,6,6,6,0
54700,TOWN OF MOUNT HOPE - GRANT COUNTY,WI,12,12,12,0
54725,VILLAGE OF MOUNT HOREB - DANE COUNTY,WI,993,937,933,4
54775,TOWN OF MOUNT IDA - GRANT COUNTY,WI,28,24,24,0
54825,TOWN OF MOUNT MORRIS - WAUSHARA COUNTY,WI,236,233,233,0
54850,TOWN OF MOUNT PLEASANT - GREEN COUNTY,WI,55,53,53,0
54875,VILLAGE OF MOUNT PLEASANT - RACINE COUNTY,WI,3702,3489,3479,10
54900,VILLAGE OF MT. STERLING - CRAWFORD COUNTY,WI,3,3,3,0
55025,TOWN OF MUKWA - WAUPACA COUNTY,WI,229,216,215,1
55050,VILLAGE OF MUKWONAGO - MULTIPLE COUNTIES,WI,898,863,858,5
55075,TOWN OF MUKWONAGO - WAUKESHA COUNTY,WI,1120,1075,1068,7
55175,TOWN OF MURRY - RUSK COUNTY,WI,7,7,7,0
55200,VILLAGE OF MUSCODA - MULTIPLE COUNTIES,WI,90,89,89,0
55225,TOWN OF MUSCODA - GRANT COUNTY,WI,27,24,24,0
55275,CITY OF MUSKEGO - WAUKESHA COUNTY,WI,3438,3273,3258,15
55375,TOWN OF NAMAKAGON - BAYFIELD COUNTY,WI,53,51,51,0
55450,TOWN OF NAPLES - BUFFALO COUNTY,WI,44,42,42,0
55500,TOWN OF NASEWAUPEE - DOOR COUNTY,WI,201,195,194,1
55550,VILLAGE OF NASHOTAH - WAUKESHA COUNTY,WI,151,144,144,0
55575,TOWN OF NASHVILLE - FOREST COUNTY,WI,104,101,101,0
55675,TOWN OF NAVARINO - SHAWANO COUNTY,WI,34,33,33,0
55700,VILLAGE OF NECEDAH - JUNEAU COUNTY,WI,92,85,85,0
55725,TOWN OF NECEDAH - JUNEAU COUNTY,WI,236,224,224,0
55750,CITY OF NEENAH - WINNEBAGO COUNTY,WI,3145,2928,2922,6
55775,TOWN OF NEENAH - WINNEBAGO COUNTY,WI,444,421,418,3
55800,CITY OF NEILLSVILLE - CLARK COUNTY,WI,147,142,142,0
55850,TOWN OF NEKIMI - WINNEBAGO COUNTY,WI,110,93,93,0
55875,CITY OF NEKOOSA - WOOD COUNTY,WI,111,107,107,0
55950,VILLAGE OF NELSON - BUFFALO COUNTY,WI,1,1,1,0
55975,TOWN OF NELSON - BUFFALO COUNTY,WI,49,49,49,0
56000,VILLAGE OF NELSONVILLE - PORTAGE COUNTY,WI,10,9,9,0
56075,VILLAGE OF NEOSHO - DODGE COUNTY,WI,34,30,30,0
56100,TOWN OF NEPEUSKUN - WINNEBAGO COUNTY,WI,50,43,43,0
56125,VILLAGE OF NESHKORO - MARQUETTE COUNTY,WI,17,16,15,1
56150,TOWN OF NESHKORO - MARQUETTE COUNTY,WI,53,53,52,1
56200,TOWN OF NEVA - LANGLADE COUNTY,WI,73,69,69,0
56325,TOWN OF NEWARK - ROCK COUNTY,WI,127,124,123,1
56350,VILLAGE OF NEW AUBURN - MULTIPLE COUNTIES,WI,17,16,16,0
56375,CITY OF NEW BERLIN - WAUKESHA COUNTY,WI,5126,4848,4831,17
56425,TOWN OF NEWBOLD - ONEIDA COUNTY,WI,415,386,384,2
56450,VILLAGE OF NEWBURG - MULTIPLE COUNTIES,WI,50,43,43,0
56525,TOWN OF NEW CHESTER - ADAMS COUNTY,WI,87,80,80,0
56575,TOWN OF NEW DENMARK - BROWN COUNTY,WI,119,112,112,0
56625,TOWN OF NEW DIGGINGS - LAFAYETTE COUNTY,WI,20,20,20,0
56700,VILLAGE OF NEW GLARUS - GREEN COUNTY,WI,237,228,227,1
56725,TOWN OF NEW GLARUS - GREEN COUNTY,WI,184,176,175,1
56750,TOWN OF NEW HAVEN - ADAMS COUNTY,WI,50,45,45,0
56775,TOWN OF NEW HAVEN - DUNN COUNTY,WI,41,38,38,0
56800,CITY OF NEW HOLSTEIN - CALUMET COUNTY,WI,246,233,230,3
56825,TOWN OF NEW HOLSTEIN - CALUMET COUNTY,WI,127,116,116,0
56850,TOWN OF NEW HOPE - PORTAGE COUNTY,WI,102,99,99,0
56900,CITY OF NEW LISBON - JUNEAU COUNTY,WI,53,50,49,1
56925,CITY OF NEW LONDON - MULTIPLE COUNTIES,WI,465,431,425,6
56950,TOWN OF NEW LYME - MONROE COUNTY,WI,12,11,11,0
57025,TOWN OF NEWPORT - COLUMBIA COUNTY,WI,66,61,61,0
57100,CITY OF NEW RICHMOND - ST. CROIX COUNTY,WI,1358,1291,1291,0
57200,TOWN OF NEWTON - MANITOWOC COUNTY,WI,213,198,198,0
57225,TOWN OF NEWTON - MARQUETTE COUNTY,WI,28,26,26,0
57325,CITY OF NIAGARA - MARINETTE COUNTY,WI,136,126,126,0
57350,TOWN OF NIAGARA - MARINETTE COUNTY,WI,94,88,87,1
57375,VILLAGE OF NICHOLS - OUTAGAMIE COUNTY,WI,16,16,16,0
57450,TOWN OF NOKOMIS - ONEIDA COUNTY,WI,171,155,155,0
57600,TOWN OF NORRIE - MARATHON COUNTY,WI,51,46,46,0
57700,VILLAGE OF NORTH BAY - RACINE COUNTY,WI,33,31,31,0
57775,TOWN OF NORTH BEND - JACKSON COUNTY,WI,24,23,23,0
57975,TOWN OF NORTHFIELD - JACKSON COUNTY,WI,19,15,15,0
58000,VILLAGE OF NORTH FOND DU LAC - FOND DU LAC COUNTY,WI,403,377,376,1
58025,VILLAGE OF NORTH FREEDOM - SAUK COUNTY,WI,31,30,30,0
58050,VILLAGE OF NORTH HUDSON - ST. CROIX COUNTY,WI,418,392,392,0
58125,TOWN OF NORTH LANCASTER - GRANT COUNTY,WI,40,39,39,0
58400,VILLAGE OF NORTH PRAIRIE - WAUKESHA COUNTY,WI,221,207,206,1
58575,VILLAGE OF NORWALK - MONROE COUNTY,WI,9,9,9,0
58600,TOWN OF NORWAY - RACINE COUNTY,WI,860,817,814,3
58700,TOWN OF NORWOOD - LANGLADE COUNTY,WI,56,52,48,4
58800,CITY OF OAK CREEK - MILWAUKEE COUNTY,WI,4201,3966,3944,22
58850,VILLAGE OF OAKDALE - MONROE COUNTY,WI,17,15,15,0
58875,TOWN OF OAKDALE - MONROE COUNTY,WI,31,27,27,0
58900,VILLAGE OF OAKFIELD - FOND DU LAC COUNTY,WI,60,55,55,0
58925,TOWN OF OAKFIELD - FOND DU LAC COUNTY,WI,44,41,40,1
58950,TOWN OF OAK GROVE - BARRON COUNTY,WI,60,58,58,0
59000,TOWN OF OAK GROVE - DODGE COUNTY,WI,86,79,77,2
59025,TOWN OF OAK GROVE - PIERCE COUNTY,WI,305,294,294,0
59075,TOWN OF OAKLAND - BURNETT COUNTY,WI,146,134,134,0
59100,TOWN OF OAKLAND - DOUGLAS COUNTY,WI,91,84,83,1
59125,TOWN OF OAKLAND - JEFFERSON COUNTY,WI,367,350,348,2
59225,TOWN OF OASIS - WAUSHARA COUNTY,WI,19,18,18,0
59250,CITY OF OCONOMOWOC - WAUKESHA COUNTY,WI,2608,2468,2457,11
59275,TOWN OF OCONOMOWOC - WAUKESHA COUNTY,WI,1533,1459,1450,9
59300,VILLAGE OF OCONOMOWOC LAKE - WAUKESHA COUNTY,WI,83,79,79,0
59350,CITY OF OCONTO - OCONTO COUNTY,WI,284,265,265,0
59375,TOWN OF OCONTO - OCONTO COUNTY,WI,100,98,98,0
59400,CITY OF OCONTO FALLS - OCONTO COUNTY,WI,197,196,195,1
59425,TOWN OF OCONTO FALLS - OCONTO COUNTY,WI,104,101,101,0
59475,VILLAGE OF OGDENSBURG - WAUPACA COUNTY,WI,8,8,8,0
59525,TOWN OF OGEMA - PRICE COUNTY,WI,42,38,38,0
59600,TOWN OF OJIBWA - SAWYER COUNTY,WI,23,21,21,0
59800,VILLAGE OF OLIVER - DOUGLAS COUNTY,WI,37,35,35,0
59850,TOWN OF OMA - IRON COUNTY,WI,69,69,69,0
59875,CITY OF OMRO - WINNEBAGO COUNTY,WI,301,269,267,2
59900,TOWN OF OMRO - WINNEBAGO COUNTY,WI,317,303,301,2
59925,CITY OF ONALASKA - LA CROSSE COUNTY,WI,2315,2207,2197,10
59950,TOWN OF ONALASKA - LA CROSSE COUNTY,WI,855,809,804,5
60000,TOWN OF ONEIDA - OUTAGAMIE COUNTY,WI,348,319,313,6
60075,VILLAGE OF ONTARIO - MULTIPLE COUNTIES,WI,14,12,12,0
60100,VILLAGE OF OOSTBURG - SHEBOYGAN COUNTY,WI,232,223,223,0
60150,TOWN OF ORANGE - JUNEAU COUNTY,WI,26,23,23,0
60200,VILLAGE OF OREGON - DANE COUNTY,WI,1620,1548,1539,9
60225,TOWN OF OREGON - DANE COUNTY,WI,543,516,516,0
60250,VILLAGE OF ORFORDVILLE - ROCK COUNTY,WI,95,80,80,0
60275,TOWN OF ORIENTA - BAYFIELD COUNTY,WI,13,13,13,0
60350,TOWN OF ORION - RICHLAND COUNTY,WI,40,37,37,0
60400,TOWN OF OSBORN - OUTAGAMIE COUNTY,WI,90,85,84,1
60425,TOWN OF OSCEOLA - FOND DU LAC COUNTY,WI,125,121,121,0
60450,VILLAGE OF OSCEOLA - POLK COUNTY,WI,259,248,248,0
60475,TOWN OF OSCEOLA - POLK COUNTY,WI,263,246,246,0
60500,CITY OF OSHKOSH - WINNEBAGO COUNTY,WI,6964,6580,6553,27
60525,TOWN OF OSHKOSH - WINNEBAGO COUNTY,WI,375,363,362,1
60575,CITY OF OSSEO - TREMPEALEAU COUNTY,WI,119,112,112,0
60687,TOWN OF OTSEGO - COLUMBIA COUNTY,WI,49,46,46,0
60700,TOWN OF OTTAWA - WAUKESHA COUNTY,WI,453,417,417,0
60725,TOWN OF OTTER CREEK - DUNN COUNTY,WI,39,39,39,0
60750,TOWN OF OTTER CREEK - EAU CLAIRE COUNTY,WI,28,27,25,2
60775,TOWN OF OULU - BAYFIELD COUNTY,WI,56,52,52,0
60825,CITY OF OWEN - CLARK COUNTY,WI,17,16,15,1
60875,VILLAGE OF OXFORD - MARQUETTE COUNTY,WI,24,18,18,0
60900,TOWN OF OXFORD - MARQUETTE COUNTY,WI,71,68,68,0
60925,TOWN OF PACIFIC - COLUMBIA COUNTY,WI,430,424,422,2
60962,TOWN OF PACKWAUKEE - MARQUETTE COUNTY,WI,136,131,130,1
60975,VILLAGE OF PADDOCK LAKE - KENOSHA COUNTY,WI,282,274,271,3
61025,VILLAGE OF PALMYRA - JEFFERSON COUNTY,WI,108,98,98,0
61050,TOWN OF PALMYRA - JEFFERSON COUNTY,WI,125,113,113,0
61100,VILLAGE OF PARDEEVILLE - COLUMBIA COUNTY,WI,124,117,115,2
61150,TOWN OF PARIS - GRANT COUNTY,WI,60,59,59,0
61175,TOWN OF PARIS - KENOSHA COUNTY,WI,96,92,92,0
61200,CITY OF PARK FALLS - PRICE COUNTY,WI,151,139,133,6
61250,TOWN OF PARKLAND - DOUGLAS COUNTY,WI,47,42,42,0
61325,VILLAGE OF PARK RIDGE - PORTAGE COUNTY,WI,79,75,75,0
61375,TOWN OF PARRISH - LANGLADE COUNTY,WI,4,4,4,0
61425,VILLAGE OF PATCH GROVE - GRANT COUNTY,WI,10,9,8,1
61450,TOWN OF PATCH GROVE - GRANT COUNTY,WI,14,11,11,0
61525,TOWN OF PECK - LANGLADE COUNTY,WI,13,12,12,0
61600,TOWN OF PEEKSVILLE - ASHLAND COUNTY,WI,6,6,6,0
61625,TOWN OF PELICAN - ONEIDA COUNTY,WI,321,299,299,0
61700,TOWN OF PELLA - SHAWANO COUNTY,WI,72,72,72,0
61775,TOWN OF PEMBINE - MARINETTE COUNTY,WI,56,54,54,0
61825,TOWN OF PENCE - IRON COUNTY,WI,13,10,10,0
61900,TOWN OF PENSAUKEE - OCONTO COUNTY,WI,120,116,116,0
61925,VILLAGE OF PEPIN - PEPIN COUNTY,WI,67,63,63,0
61950,TOWN OF PEPIN - PEPIN COUNTY,WI,83,78,78,0
62050,TOWN OF PERRY - DANE COUNTY,WI,89,88,87,1
62100,TOWN OF PERSHING - TAYLOR COUNTY,WI,16,15,13,2
62125,TOWN OF PERU - DUNN COUNTY,WI,17,17,17,0
62175,CITY OF PESHTIGO - MARINETTE COUNTY,WI,212,201,201,0
62200,TOWN OF PESHTIGO - MARINETTE COUNTY,WI,419,399,395,4
62240,CITY OF PEWAUKEE - WAUKESHA COUNTY,WI,2264,2176,2165,11
62250,VILLAGE OF PEWAUKEE - WAUKESHA COUNTY,WI,1041,995,992,3
62425,TOWN OF PHELPS - VILAS COUNTY,WI,164,157,157,0
62450,CITY OF PHILLIPS - PRICE COUNTY,WI,87,84,84,0
62600,TOWN OF PIEHL - ONEIDA COUNTY,WI,1,1,1,0
62625,TOWN OF PIERCE - KEWAUNEE COUNTY,WI,74,72,72,0
62650,TOWN OF PIGEON - TREMPEALEAU COUNTY,WI,31,27,27,0
62675,VILLAGE OF PIGEON FALLS - TREMPEALEAU COUNTY,WI,12,12,12,0
62700,TOWN OF PILSEN - BAYFIELD COUNTY,WI,12,11,11,0
62825,TOWN OF PINE GROVE - PORTAGE COUNTY,WI,30,29,29,0
62925,TOWN OF PINE LAKE - ONEIDA COUNTY,WI,319,304,304,0
62950,TOWN OF PINE RIVER - LINCOLN COUNTY,WI,150,142,140,2
63000,TOWN OF PINE VALLEY - CLARK COUNTY,WI,108,74,74,0
63075,TOWN OF PITTSFIELD - BROWN COUNTY,WI,813,796,796,0
63100,CITY OF PITTSVILLE - WOOD COUNTY,WI,35,35,35,0
63125,VILLAGE OF PLAIN - SAUK COUNTY,WI,50,49,49,0
63150,VILLAGE OF PLAINFIELD - WAUSHARA COUNTY,WI,33,27,27,0
63175,TOWN OF PLAINFIELD - WAUSHARA COUNTY,WI,30,28,27,1
63250,CITY OF PLATTEVILLE - GRANT COUNTY,WI,711,665,663,2
63275,TOWN OF PLATTEVILLE - GRANT COUNTY,WI,211,202,202,0
63300,VILLAGE OF PLEASANT PRAIRIE - KENOSHA COUNTY,WI,2761,2574,2550,24
63375,TOWN OF PLEASANT SPRINGS - DANE COUNTY,WI,421,397,396,1
63400,TOWN OF PLEASANT VALLEY - EAU CLAIRE COUNTY,WI,461,442,437,5
63425,TOWN OF PLEASANT VALLEY - ST. CROIX COUNTY,WI,36,36,36,0
63500,TOWN OF PLOVER - MARATHON COUNTY,WI,48,45,45,0
63525,VILLAGE OF PLOVER - PORTAGE COUNTY,WI,1854,1742,1737,5
63550,TOWN OF PLOVER - PORTAGE COUNTY,WI,150,139,139,0
63600,VILLAGE OF PLUM CITY - PIERCE COUNTY,WI,40,36,36,0
63625,TOWN OF PLUM LAKE - VILAS COUNTY,WI,95,89,89,0
63650,TOWN OF PLYMOUTH - JUNEAU COUNTY,WI,34,33,33,0
63675,TOWN OF PLYMOUTH - ROCK COUNTY,WI,80,78,77,1
63700,CITY OF PLYMOUTH - SHEBOYGAN COUNTY,WI,908,844,840,4
63725,TOWN OF PLYMOUTH - SHEBOYGAN COUNTY,WI,401,383,382,1
63825,TOWN OF POLAR - LANGLADE COUNTY,WI,62,59,59,0
63875,TOWN OF POLK - WASHINGTON COUNTY,WI,456,434,434,0
63975,VILLAGE OF POPLAR - DOUGLAS COUNTY,WI,30,30,30,0
64050,TOWN OF POPPLE RIVER - FOREST COUNTY,WI,1,1,1,0
64100,CITY OF PORTAGE - COLUMBIA COUNTY,WI,1167,1097,1093,4
64175,VILLAGE OF PORT EDWARDS - WOOD COUNTY,WI,137,132,132,0
64200,TOWN OF PORT EDWARDS - WOOD COUNTY,WI,89,85,85,0
64225,TOWN OF PORTER - ROCK COUNTY,WI,114,101,101,0
64275,TOWN OF PORTERFIELD - MARINETTE COUNTY,WI,235,228,227,1
64375,TOWN OF PORTLAND - DODGE COUNTY,WI,64,60,60,0
64425,TOWN OF PORTLAND - MONROE COUNTY,WI,47,45,45,0
64450,CITY OF PORT WASHINGTON - OZAUKEE COUNTY,WI,1402,1329,1326,3
64475,TOWN OF PORT WASHINGTON - OZAUKEE COUNTY,WI,163,155,155,0
64512,TOWN OF PORT WING - BAYFIELD COUNTY,WI,51,50,50,0
64625,VILLAGE OF POTOSI - GRANT COUNTY,WI,48,48,48,0
64650,TOWN OF POTOSI - GRANT COUNTY,WI,46,45,43,2
64675,VILLAGE OF POTTER - CALUMET COUNTY,WI,17,16,16,0
64750,VILLAGE OF POUND - MARINETTE COUNTY,WI,20,20,20,0
64775,TOWN OF POUND - MARINETTE COUNTY,WI,99,94,94,0
64875,TOWN OF POYGAN - WINNEBAGO COUNTY,WI,94,82,82,0
64900,VILLAGE OF POYNETTE - COLUMBIA COUNTY,WI,224,214,214,0
64975,TOWN OF POY SIPPI - WAUSHARA COUNTY,WI,58,55,55,0
65050,CITY OF PRAIRIE DU CHIEN - CRAWFORD COUNTY,WI,420,401,400,1
65075,TOWN OF PRAIRIE DU CHIEN - CRAWFORD COUNTY,WI,68,63,63,0
65100,VILLAGE OF PRAIRIE DU SAC - SAUK COUNTY,WI,572,543,542,1
65125,TOWN OF PRAIRIE DU SAC - SAUK COUNTY,WI,75,69,68,1
65150,VILLAGE OF PRAIRIE FARM - BARRON COUNTY,WI,13,13,13,0
65175,TOWN OF PRAIRIE FARM - BARRON COUNTY,WI,37,36,36,0
65200,TOWN OF PRAIRIE LAKE - BARRON COUNTY,WI,176,172,172,0
65325,VILLAGE OF PRENTICE - PRICE COUNTY,WI,31,28,28,0
65350,TOWN OF PRENTICE - PRICE COUNTY,WI,22,20,20,0
65375,CITY OF PRESCOTT - PIERCE COUNTY,WI,302,281,281,0
65425,TOWN OF PRESQUE ISLE - VILAS COUNTY,WI,95,91,91,0
65450,TOWN OF PRESTON - ADAMS COUNTY,WI,141,125,125,0
65500,TOWN OF PRESTON - TREMPEALEAU COUNTY,WI,40,39,39,0
65550,TOWN OF PRICE - LANGLADE COUNTY,WI,15,14,14,0
65575,TOWN OF PRIMROSE - DANE COUNTY,WI,87,82,82,0
65600,CITY OF PRINCETON - GREEN LAKE COUNTY,WI,76,72,68,4
65625,TOWN OF PRINCETON - GREEN LAKE COUNTY,WI,164,159,158,1
65675,VILLAGE OF PULASKI - MULTIPLE COUNTIES,WI,381,366,366,0
65700,TOWN OF PULASKI - IOWA COUNTY,WI,17,17,17,0
65825,TOWN OF QUINCY - ADAMS COUNTY,WI,125,118,118,0
66000,CITY OF RACINE - RACINE COUNTY,WI,5706,5064,5026,38
66050,VILLAGE OF RADISSON - SAWYER COUNTY,WI,6,6,6,0
66075,TOWN OF RADISSON - SAWYER COUNTY,WI,26,19,19,0
66125,TOWN OF RANDALL - KENOSHA COUNTY,WI,314,299,298,1
66150,VILLAGE OF RANDOLPH - MULTIPLE COUNTIES,WI,99,94,94,0
66175,TOWN OF RANDOLPH - COLUMBIA COUNTY,WI,52,49,49,0
66200,VILLAGE OF RANDOM LAKE - SHEBOYGAN COUNTY,WI,127,111,111,0
66275,TOWN OF RANTOUL - CALUMET COUNTY,WI,56,55,55,0
66350,VILLAGE OF RAYMOND - RACINE COUNTY,WI,435,404,402,2
66450,VILLAGE OF READSTOWN - VERNON COUNTY,WI,39,33,33,0
66550,TOWN OF RED CEDAR - DUNN COUNTY,WI,305,295,293,2
66625,VILLAGE OF REDGRANITE - WAUSHARA COUNTY,WI,30,27,26,1
66700,TOWN OF RED RIVER - KEWAUNEE COUNTY,WI,124,120,120,0
66750,TOWN OF RED SPRINGS - SHAWANO COUNTY,WI,72,69,68,1
66800,CITY OF REEDSBURG - SAUK COUNTY,WI,841,796,789,7
66825,TOWN OF REEDSBURG - SAUK COUNTY,WI,111,105,104,1
66875,VILLAGE OF REEDSVILLE - MANITOWOC COUNTY,WI,73,63,63,0
66900,VILLAGE OF REESEVILLE - DODGE COUNTY,WI,37,34,34,0
66950,TOWN OF REID - MARATHON COUNTY,WI,70,69,67,2
67000,TOWN OF REMINGTON - WOOD COUNTY,WI,30,30,29,1
67025,TOWN OF RESEBURG - CLARK COUNTY,WI,13,12,12,0
67100,VILLAGE OF REWEY - IOWA COUNTY,WI,12,12,12,0
67150,TOWN OF RHINE - SHEBOYGAN COUNTY,WI,204,195,195,0
67200,CITY OF RHINELANDER - ONEIDA COUNTY,WI,693,649,649,0
67250,TOWN OF RIB FALLS - MARATHON COUNTY,WI,57,55,55,0
67275,VILLAGE OF RIB LAKE - TAYLOR COUNTY,WI,29,27,27,0
67300,TOWN OF RIB LAKE - TAYLOR COUNTY,WI,58,57,57,0
67320,VILLAGE OF RIB MOUNTAIN - MARATHON COUNTY,WI,893,846,842,4
67325,TOWN OF RIB MOUNTAIN - MARATHON COUNTY,WI,0,0,0,0
67350,CITY OF RICE LAKE - BARRON COUNTY,WI,753,702,702,0
67375,TOWN OF RICE LAKE - BARRON COUNTY,WI,233,221,221,0
67425,TOWN OF RICHFIELD - ADAMS COUNTY,WI,8,6,6,0
67475,VILLAGE OF RICHFIELD - WASHINGTON COUNTY,WI,1329,1269,1264,5
67500,TOWN OF RICHFIELD - WOOD COUNTY,WI,90,85,85,0
67550,TOWN OF RICHFORD - WAUSHARA COUNTY,WI,30,29,28,1
67575,TOWN OF RICHLAND - RICHLAND COUNTY,WI,101,99,99,0
67600,TOWN OF RICHLAND - RUSK COUNTY,WI,6,6,6,0
67625,CITY OF RICHLAND CENTER - RICHLAND COUNTY,WI,368,333,332,1
67650,TOWN OF RICHMOND - ST. CROIX COUNTY,WI,412,388,386,2
67675,TOWN OF RICHMOND - SHAWANO COUNTY,WI,158,152,152,0
67725,TOWN OF RICHMOND - WALWORTH COUNTY,WI,175,163,162,1
67775,TOWN OF RICHWOOD - RICHLAND COUNTY,WI,29,25,25,0
67800,VILLAGE OF RIDGELAND - DUNN COUNTY,WI,9,9,9,0
67850,TOWN OF RIDGEVILLE - MONROE COUNTY,WI,13,13,13,0
67875,VILLAGE OF RIDGEWAY - IOWA COUNTY,WI,50,43,43,0
67900,TOWN OF RIDGEWAY - IOWA COUNTY,WI,59,58,58,0
67950,TOWN OF RIETBROCK - MARATHON COUNTY,WI,30,29,25,4
68075,TOWN OF RINGLE - MARATHON COUNTY,WI,157,147,147,0
68100,VILLAGE OF RIO - COLUMBIA COUNTY,WI,68,66,66,0
68175,CITY OF RIPON - FOND DU LAC COUNTY,WI,668,630,626,4
68200,TOWN OF RIPON - FOND DU LAC COUNTY,WI,75,74,72,2
68275,CITY OF RIVER FALLS - MULTIPLE COUNTIES,WI,1579,1497,1496,1
68300,TOWN OF RIVER FALLS - PIERCE COUNTY,WI,294,281,281,0
68325,VILLAGE OF RIVER HILLS - MILWAUKEE COUNTY,WI,276,255,251,4
68400,TOWN OF RIVERVIEW - OCONTO COUNTY,WI,92,91,91,0
68475,VILLAGE OF ROBERTS - ST. CROIX COUNTY,WI,133,122,122,0
68550,VILLAGE OF ROCHESTER - RACINE COUNTY,WI,326,303,302,1
68600,TOWN OF ROCK - ROCK COUNTY,WI,151,138,136,2
68625,TOWN OF ROCK - WOOD COUNTY,WI,61,53,53,0
68675,TOWN OF ROCKBRIDGE - RICHLAND COUNTY,WI,53,50,50,0
68700,TOWN OF ROCK CREEK - DUNN COUNTY,WI,83,80,80,0
68725,VILLAGE OF ROCKDALE - DANE COUNTY,WI,13,9,9,0
68775,TOWN OF ROCK ELM - PIERCE COUNTY,WI,17,17,17,0
68825,TOWN OF ROCK FALLS - LINCOLN COUNTY,WI,43,42,42,0
68875,TOWN OF ROCKLAND - BROWN COUNTY,WI,143,140,140,0
68900,VILLAGE OF ROCKLAND - MULTIPLE COUNTIES,WI,37,35,35,0
68925,TOWN OF ROCKLAND - MANITOWOC COUNTY,WI,62,57,56,1
68975,VILLAGE OF ROCK SPRINGS - SAUK COUNTY,WI,30,27,27,0
69175,TOWN OF ROLLING - LANGLADE COUNTY,WI,79,78,76,2
69275,TOWN OF ROME - ADAMS COUNTY,WI,414,397,395,2
69325,TOWN OF ROOSEVELT - BURNETT COUNTY,WI,23,23,23,0
69400,TOWN OF ROOSEVELT - TAYLOR COUNTY,WI,21,19,19,0
69425,TOWN OF ROSE - WAUSHARA COUNTY,WI,58,56,54,2
69525,VILLAGE OF ROSENDALE - FOND DU LAC COUNTY,WI,58,56,56,0
69550,TOWN OF ROSENDALE - FOND DU LAC COUNTY,WI,55,52,52,0
69575,VILLAGE OF ROSHOLT - PORTAGE COUNTY,WI,8,8,8,0
69625,TOWN OF ROSS - FOREST COUNTY,WI,3,2,2,0
69725,VILLAGE OF ROTHSCHILD - MARATHON COUNTY,WI,523,491,490,1
69750,TOWN OF ROUND LAKE - SAWYER COUNTY,WI,153,145,145,0
69850,TOWN OF ROXBURY - DANE COUNTY,WI,235,224,223,1
69900,TOWN OF ROYALTON - WAUPACA COUNTY,WI,102,92,92,0
69962,TOWN OF RUBICON - DODGE COUNTY,WI,208,196,195,1
69975,TOWN OF RUBY - CHIPPEWA COUNTY,WI,26,25,25,0
70000,VILLAGE OF RUDOLPH - WOOD COUNTY,WI,32,30,30,0
70025,TOWN OF RUDOLPH - WOOD COUNTY,WI,70,69,66,3
70125,TOWN OF RUSHFORD - WINNEBAGO COUNTY,WI,130,124,124,0
70200,TOWN OF RUSH RIVER - ST. CROIX COUNTY,WI,29,28,28,0
70225,TOWN OF RUSK - BURNETT COUNTY,WI,30,24,24,0
70275,TOWN OF RUSK - RUSK COUNTY,WI,65,59,59,0
70300,TOWN OF RUSSELL - BAYFIELD COUNTY,WI,85,74,74,0
70325,TOWN OF RUSSELL - LINCOLN COUNTY,WI,36,36,35,1
70350,TOWN OF RUSSELL - SHEBOYGAN COUNTY,WI,25,24,24,0
70400,TOWN OF RUTLAND - DANE COUNTY,WI,309,294,294,0
70500,VILLAGE OF ST. CLOUD - FOND DU LAC COUNTY,WI,38,35,35,0
70550,CITY OF ST. CROIX FALLS - POLK COUNTY,WI,234,219,216,3
70575,TOWN OF ST. CROIX FALLS - POLK COUNTY,WI,70,65,65,0
70650,CITY OF ST. FRANCIS - MILWAUKEE COUNTY,WI,1254,1146,1143,3
70725,TOWN OF ST. GERMAIN - VILAS COUNTY,WI,400,383,383,0
70825,TOWN OF ST. JOSEPH - ST. CROIX COUNTY,WI,607,585,585,0
70900,TOWN OF SAINT LAWRENCE - WAUPACA COUNTY,WI,66,64,64,0
70925,TOWN OF ST. MARIE - GREEN LAKE COUNTY,WI,22,20,20,0
71025,VILLAGE OF ST. NAZIANZ - MANITOWOC COUNTY,WI,19,18,17,1
71150,TOWN OF SALEM - PIERCE COUNTY,WI,32,31,31,0
71163,VILLAGE OF SALEM LAKES - KENOSHA COUNTY,WI,1487,1388,1385,3
71275,TOWN OF SAMPSON - CHIPPEWA COUNTY,WI,95,90,90,0
71350,TOWN OF SANBORN - ASHLAND COUNTY,WI,29,27,27,0
71425,TOWN OF SAND CREEK - DUNN COUNTY,WI,33,33,33,0
71450,TOWN OF SAND LAKE - BURNETT COUNTY,WI,57,55,55,0
71500,TOWN OF SAND LAKE - SAWYER COUNTY,WI,166,151,151,0
71600,TOWN OF SARATOGA - WOOD COUNTY,WI,397,380,379,1
71637,TOWN OF SARONA - WASHBURN COUNTY,WI,26,20,20,0
71650,VILLAGE OF SAUK CITY - SAUK COUNTY,WI,389,356,355,1
71700,VILLAGE OF SAUKVILLE - OZAUKEE COUNTY,WI,354,332,329,3
71725,TOWN OF SAUKVILLE - OZAUKEE COUNTY,WI,163,148,148,0
71825,TOWN OF SAXEVILLE - WAUSHARA COUNTY,WI,88,83,82,1
71875,TOWN OF SAXON - IRON COUNTY,WI,24,24,24,0
71975,VILLAGE OF SCANDINAVIA - WAUPACA COUNTY,WI,24,22,22,0
72000,TOWN OF SCANDINAVIA - WAUPACA COUNTY,WI,175,162,162,0
72075,TOWN OF SCHLESWIG - MANITOWOC COUNTY,WI,179,162,162,0
72100,TOWN OF SCHLEY - LINCOLN COUNTY,WI,65,62,62,0
72125,TOWN OF SCHOEPKE - ONEIDA COUNTY,WI,42,40,40,0
72150,CITY OF SCHOFIELD - MARATHON COUNTY,WI,166,159,159,0
72200,TOWN OF SCOTT - BROWN COUNTY,WI,472,464,463,1
72225,TOWN OF SCOTT - BURNETT COUNTY,WI,85,81,80,1
72250,TOWN OF SCOTT - COLUMBIA COUNTY,WI,39,38,38,0
72275,TOWN OF SCOTT - CRAWFORD COUNTY,WI,32,31,31,0
72300,TOWN OF SCOTT - LINCOLN COUNTY,WI,93,89,89,0
72325,TOWN OF SCOTT - MONROE COUNTY,WI,2,1,1,0
72350,TOWN OF SCOTT - SHEBOYGAN COUNTY,WI,128,124,124,0
72450,TOWN OF SEIF - CLARK COUNTY,WI,5,5,5,0
72500,TOWN OF SENECA - CRAWFORD COUNTY,WI,52,49,49,0
72525,TOWN OF SENECA - GREEN LAKE COUNTY,WI,23,22,22,0
72550,TOWN OF SENECA - SHAWANO COUNTY,WI,46,45,45,0
72575,TOWN OF SENECA - WOOD COUNTY,WI,83,72,71,1
72600,TOWN OF SEVASTOPOL - DOOR COUNTY,WI,370,358,352,6
72625,TOWN OF SEVEN MILE CREEK - JUNEAU COUNTY,WI,28,25,25,0
72675,TOWN OF SEYMOUR - EAU CLAIRE COUNTY,WI,308,282,281,1
72700,TOWN OF SEYMOUR - LAFAYETTE COUNTY,WI,13,11,11,0
72725,CITY OF SEYMOUR - OUTAGAMIE COUNTY,WI,236,220,220,0
72750,TOWN OF SEYMOUR - OUTAGAMIE COUNTY,WI,107,99,98,1
72825,TOWN OF SHANAGOLDEN - ASHLAND COUNTY,WI,13,9,9,0
72850,TOWN OF SHARON - PORTAGE COUNTY,WI,209,205,204,1
72875,VILLAGE OF SHARON - WALWORTH COUNTY,WI,69,65,65,0
72900,TOWN OF SHARON - WALWORTH COUNTY,WI,63,58,57,1
72925,CITY OF SHAWANO - SHAWANO COUNTY,WI,800,769,764,5
72975,CITY OF SHEBOYGAN - SHEBOYGAN COUNTY,WI,3924,3687,3673,14
73000,TOWN OF SHEBOYGAN - SHEBOYGAN COUNTY,WI,1078,1031,1019,12
73025,CITY OF SHEBOYGAN FALLS - SHEBOYGAN COUNTY,WI,823,756,754,2
73050,TOWN OF SHEBOYGAN FALLS - SHEBOYGAN COUNTY,WI,144,139,138,1
73125,TOWN OF SHELBY - LA CROSSE COUNTY,WI,549,507,505,2
73150,TOWN OF SHELDON - MONROE COUNTY,WI,14,11,11,0
73175,VILLAGE OF SHELDON - RUSK COUNTY,WI,5,5,5,0
73200,CITY OF SHELL LAKE - WASHBURN COUNTY,WI,104,94,94,0
73300,TOWN OF SHERIDAN - DUNN COUNTY,WI,23,21,21,0
73350,TOWN OF SHERMAN - CLARK COUNTY,WI,31,31,30,1
73375,TOWN OF SHERMAN - DUNN COUNTY,WI,71,65,65,0
73400,TOWN OF SHERMAN - IRON COUNTY,WI,35,33,33,0
73425,TOWN OF SHERMAN - SHEBOYGAN COUNTY,WI,140,130,130,0
73475,TOWN OF SHERRY - WOOD COUNTY,WI,23,20,20,0
73525,VILLAGE OF SHERWOOD - CALUMET COUNTY,WI,380,360,358,2
73550,TOWN OF SHERWOOD - CLARK COUNTY,WI,31,29,29,0
73575,TOWN OF SHIELDS - DODGE COUNTY,WI,55,52,51,1
73600,TOWN OF SHIELDS - MARQUETTE COUNTY,WI,31,30,30,0
73625,VILLAGE OF SHIOCTON - OUTAGAMIE COUNTY,WI,22,22,22,0
73725,VILLAGE OF SHOREWOOD - MILWAUKEE COUNTY,WI,2694,2484,2473,11
73750,VILLAGE OF SHOREWOOD HILLS - DANE COUNTY,WI,593,554,553,1
73825,CITY OF SHULLSBURG - LAFAYETTE COUNTY,WI,93,89,89,0
73850,TOWN OF SHULLSBURG - LAFAYETTE COUNTY,WI,29,27,27,0
73875,TOWN OF SIGEL - CHIPPEWA COUNTY,WI,53,47,47,0
73900,TOWN OF SIGEL - WOOD COUNTY,WI,91,87,87,0
73975,TOWN OF SILVER CLIFF - MARINETTE COUNTY,WI,47,46,46,0
74125,TOWN OF SIOUX CREEK - BARRON COUNTY,WI,41,37,37,0
74175,VILLAGE OF SIREN - BURNETT COUNTY,WI,41,40,40,0
74200,TOWN OF SIREN - BURNETT COUNTY,WI,97,93,90,3
74225,VILLAGE OF SISTER BAY - DOOR COUNTY,WI,133,122,118,4
74250,TOWN OF SKANAWAN - LINCOLN COUNTY,WI,18,18,17,1
74400,VILLAGE OF SLINGER - WASHINGTON COUNTY,WI,620,594,592,2
74450,TOWN OF SMELSER - GRANT COUNTY,WI,88,74,71,3
74550,VILLAGE OF SOLDIERS GROVE - CRAWFORD COUNTY,WI,37,31,31,0
74575,VILLAGE OF SOLON SPRINGS - DOUGLAS COUNTY,WI,19,17,17,0
74600,TOWN OF SOLON SPRINGS - DOUGLAS COUNTY,WI,117,104,104,0
74625,VILLAGE OF SOMERS - KENOSHA COUNTY,WI,1042,963,947,16
74650,TOWN OF SOMERS - KENOSHA COUNTY,WI,119,109,107,2
74675,VILLAGE OF SOMERSET - ST. CROIX COUNTY,WI,202,185,185,0
74700,TOWN OF SOMERSET - ST. CROIX COUNTY,WI,426,412,408,4
74725,TOWN OF SOMO - LINCOLN COUNTY,WI,13,13,13,0
74975,TOWN OF SOUTH FORK - RUSK COUNTY,WI,10,10,10,0
75075,TOWN OF SOUTH LANCASTER - GRANT COUNTY,WI,40,39,39,0
75125,CITY OF SOUTH MILWAUKEE - MILWAUKEE COUNTY,WI,2006,1883,1876,7
75275,VILLAGE OF SOUTH WAYNE - LAFAYETTE COUNTY,WI,26,24,24,0
75325,CITY OF SPARTA - MONROE COUNTY,WI,732,682,681,1
75350,TOWN OF SPARTA - MONROE COUNTY,WI,320,309,309,0
75400,VILLAGE OF SPENCER - MARATHON COUNTY,WI,86,83,82,1
75425,TOWN OF SPENCER - MARATHON COUNTY,WI,106,93,93,0
75450,TOWN OF SPIDER LAKE - SAWYER COUNTY,WI,64,59,59,0
75525,TOWN OF SPIRIT - PRICE COUNTY,WI,23,21,21,0
75625,CITY OF SPOONER - WASHBURN COUNTY,WI,184,176,174,2
75650,TOWN OF SPOONER - WASHBURN COUNTY,WI,103,95,92,3
75750,TOWN OF SPRING BROOK - DUNN COUNTY,WI,90,84,84,0
75800,TOWN OF SPRINGBROOK - WASHBURN COUNTY,WI,36,35,35,0
75850,TOWN OF SPRINGDALE - DANE COUNTY,WI,322,303,300,3
75875,TOWN OF SPRINGFIELD - DANE COUNTY,WI,397,379,376,3
75900,TOWN OF SPRINGFIELD - JACKSON COUNTY,WI,13,13,13,0
75925,TOWN OF SPRINGFIELD - MARQUETTE COUNTY,WI,92,88,87,1
75950,TOWN OF SPRINGFIELD - ST. CROIX COUNTY,WI,56,54,54,0
76025,VILLAGE OF SPRING GREEN - SAUK COUNTY,WI,174,162,162,0
76050,TOWN OF SPRING GREEN - SAUK COUNTY,WI,217,191,191,0
76075,TOWN OF SPRING GROVE - GREEN COUNTY,WI,31,30,30,0
76100,TOWN OF SPRING LAKE - PIERCE COUNTY,WI,45,42,42,0
76175,TOWN OF SPRING PRAIRIE - WALWORTH COUNTY,WI,239,226,223,3
76225,TOWN OF SPRINGVALE - COLUMBIA COUNTY,WI,40,38,38,0
76250,TOWN OF SPRINGVALE - FOND DU LAC COUNTY,WI,44,40,40,0
76300,VILLAGE OF SPRING VALLEY - MULTIPLE COUNTIES,WI,90,85,85,0
76325,TOWN OF SPRING VALLEY - ROCK COUNTY,WI,54,50,50,0
76350,TOWN OF SPRINGVILLE - ADAMS COUNTY,WI,123,114,114,0
76400,TOWN OF SPRINGWATER - WAUSHARA COUNTY,WI,167,157,157,0
76450,TOWN OF SPRUCE - OCONTO COUNTY,WI,74,70,70,0
76550,TOWN OF STANFOLD - BARRON COUNTY,WI,34,31,31,0
76600,TOWN OF STANLEY - BARRON COUNTY,WI,231,220,220,0
76625,CITY OF STANLEY - MULTIPLE COUNTIES,WI,82,76,76,0
76650,TOWN OF STANTON - DUNN COUNTY,WI,66,60,60,0
76675,TOWN OF STANTON - ST. CROIX COUNTY,WI,79,75,75,0
76725,TOWN OF STARK - VERNON COUNTY,WI,33,32,32,0
76825,VILLAGE OF STAR PRAIRIE - ST. CROIX COUNTY,WI,36,33,33,0
76850,TOWN OF STAR PRAIRIE - ST. CROIX COUNTY,WI,339,324,323,1
76975,TOWN OF STELLA - ONEIDA COUNTY,WI,51,50,50,0
77000,TOWN OF STEPHENSON - MARINETTE COUNTY,WI,382,362,358,4
77050,TOWN OF STERLING - POLK COUNTY,WI,43,39,39,0
77075,TOWN OF STERLING - VERNON COUNTY,WI,48,45,45,0
77100,VILLAGE OF STETSONVILLE - TAYLOR COUNTY,WI,21,20,20,0
77150,TOWN OF STETTIN - MARATHON COUNTY,WI,259,253,253,0
77175,VILLAGE OF STEUBEN - CRAWFORD COUNTY,WI,8,7,7,0
77200,CITY OF STEVENS POINT - PORTAGE COUNTY,WI,2738,2579,2550,29
77300,TOWN OF STILES - OCONTO COUNTY,WI,112,106,106,0
77350,TOWN OF STINNETT - WASHBURN COUNTY,WI,19,19,19,0
77400,VILLAGE OF STOCKBRIDGE - CALUMET COUNTY,WI,82,72,72,0
77425,TOWN OF STOCKBRIDGE - CALUMET COUNTY,WI,194,188,186,2
77475,VILLAGE OF STOCKHOLM - PEPIN COUNTY,WI,12,11,11,0
77500,TOWN OF STOCKHOLM - PEPIN COUNTY,WI,20,19,19,0
77537,TOWN OF STOCKTON - PORTAGE COUNTY,WI,264,257,257,0
77550,VILLAGE OF STODDARD - VERNON COUNTY,WI,65,62,62,0
77650,TOWN OF STONE LAKE - WASHBURN COUNTY,WI,36,36,36,0
77675,CITY OF STOUGHTON - DANE COUNTY,WI,1947,1836,1830,6
77750,VILLAGE OF STRATFORD - MARATHON COUNTY,WI,97,90,90,0
77775,TOWN OF STRICKLAND - RUSK COUNTY,WI,19,17,17,0
77800,TOWN OF STRONGS PRAIRIE - ADAMS COUNTY,WI,96,87,87,0
77825,VILLAGE OF STRUM - TREMPEALEAU COUNTY,WI,56,54,54,0
77850,TOWN OF STUBBS - RUSK COUNTY,WI,38,33,33,0
77875,CITY OF STURGEON BAY - DOOR COUNTY,WI,965,886,877,9
77900,TOWN OF STURGEON BAY - DOOR COUNTY,WI,103,101,99,2
77925,VILLAGE OF STURTEVANT - RACINE COUNTY,WI,510,474,469,5
77975,VILLAGE OF SUAMICO - BROWN COUNTY,WI,1601,1545,1532,13
78075,TOWN OF SUGAR CAMP - ONEIDA COUNTY,WI,222,207,207,0
78100,TOWN OF SUGAR CREEK - WALWORTH COUNTY,WI,433,411,404,7
78175,VILLAGE OF SULLIVAN - JEFFERSON COUNTY,WI,47,43,43,0
78200,TOWN OF SULLIVAN - JEFFERSON COUNTY,WI,311,307,300,7
78275,TOWN OF SUMMIT - DOUGLAS COUNTY,WI,71,66,65,1
78300,TOWN OF SUMMIT - JUNEAU COUNTY,WI,39,39,39,0
78325,TOWN OF SUMMIT - LANGLADE COUNTY,WI,8,8,8,0
78375,VILLAGE OF SUMMIT - WAUKESHA COUNTY,WI,810,763,756,7
78450,TOWN OF SUMNER - BARRON COUNTY,WI,32,26,26,0
78475,TOWN OF SUMNER - JEFFERSON COUNTY,WI,81,72,71,1
78500,TOWN OF SUMNER - TREMPEALEAU COUNTY,WI,39,38,38,0
78525,TOWN OF SUMPTER - SAUK COUNTY,WI,48,43,42,1
78600,CITY OF SUN PRAIRIE - DANE COUNTY,WI,5984,5696,5681,15
78625,TOWN OF SUN PRAIRIE - DANE COUNTY,WI,294,287,287,0
78650,CITY OF SUPERIOR - DOUGLAS COUNTY,WI,2743,2611,2605,6
78660,VILLAGE OF SUPERIOR - DOUGLAS COUNTY,WI,51,51,51,0
78675,TOWN OF SUPERIOR - DOUGLAS COUNTY,WI,189,180,180,0
78725,VILLAGE OF SURING - OCONTO COUNTY,WI,17,16,16,0
78750,VILLAGE OF SUSSEX - WAUKESHA COUNTY,WI,1239,1180,1172,8
78775,TOWN OF SWISS - BURNETT COUNTY,WI,95,86,86,0
78825,TOWN OF SYLVAN - RICHLAND COUNTY,WI,12,11,11,0
78875,TOWN OF SYLVESTER - GREEN COUNTY,WI,93,87,87,0
78950,TOWN OF TAFT - TAYLOR COUNTY,WI,16,15,15,0
78975,TOWN OF TAINTER - DUNN COUNTY,WI,283,269,268,1
79125,TOWN OF TAYCHEEDAH - FOND DU LAC COUNTY,WI,551,536,533,3
79150,VILLAGE OF TAYLOR - JACKSON COUNTY,WI,7,7,7,0
79250,VILLAGE OF TENNYSON - GRANT COUNTY,WI,17,17,17,0
79350,TOWN OF TEXAS - MARATHON COUNTY,WI,149,143,143,0
79375,VILLAGE OF THERESA - DODGE COUNTY,WI,108,100,99,1
79425,TOWN OF THERESA - DODGE COUNTY,WI,58,52,51,1
79475,VILLAGE OF THIENSVILLE - OZAUKEE COUNTY,WI,351,337,337,0
79575,TOWN OF THORNAPPLE - RUSK COUNTY,WI,37,33,30,3
79625,CITY OF THORP - CLARK COUNTY,WI,71,67,66,1
79650,TOWN OF THORP - CLARK COUNTY,WI,27,27,27,0
79700,TOWN OF THREE LAKES - ONEIDA COUNTY,WI,410,391,391,0
79775,TOWN OF TIFFANY - DUNN COUNTY,WI,35,33,33,0
79825,VILLAGE OF TIGERTON - SHAWANO COUNTY,WI,28,28,28,0
79875,TOWN OF TILDEN - CHIPPEWA COUNTY,WI,149,142,140,2
79975,TOWN OF TIPLER - FLORENCE COUNTY,WI,18,18,18,0
80075,CITY OF TOMAH - MONROE COUNTY,WI,574,534,528,6
80100,TOWN OF TOMAH - MONROE COUNTY,WI,93,87,86,1
80125,CITY OF TOMAHAWK - LINCOLN COUNTY,WI,317,291,289,2
80150,TOWN OF TOMAHAWK - LINCOLN COUNTY,WI,55,52,52,0
80225,VILLAGE OF TONY - RUSK COUNTY,WI,2,2,2,0
80325,TOWN OF TOWNSEND - OCONTO COUNTY,WI,102,97,97,0
80375,TOWN OF TRADE LAKE - BURNETT COUNTY,WI,82,76,76,0
80450,TOWN OF TREGO - WASHBURN COUNTY,WI,126,122,122,0
80475,VILLAGE OF TREMPEALEAU - TREMPEALEAU COUNTY,WI,151,145,145,0
80500,TOWN OF TREMPEALEAU - TREMPEALEAU COUNTY,WI,137,129,129,0
80525,TOWN OF TRENTON - DODGE COUNTY,WI,88,84,82,2
80550,TOWN OF TRENTON - PIERCE COUNTY,WI,158,149,149,0
80575,TOWN OF TRENTON - WASHINGTON COUNTY,WI,643,619,619,0
80700,TOWN OF TRIMBELLE - PIERCE COUNTY,WI,137,127,125,2
80750,TOWN OF TRIPP - BAYFIELD COUNTY,WI,13,13,13,0
80800,TOWN OF TROY - ST. CROIX COUNTY,WI,651,598,595,3
80825,TOWN OF TROY - SAUK COUNTY,WI,59,56,56,0
80875,TOWN OF TROY - WALWORTH COUNTY,WI,268,256,253,3
80950,TOWN OF TRUE - RUSK COUNTY,WI,12,11,11,0
81050,TOWN OF TURTLE - ROCK COUNTY,WI,216,199,199,0
81075,VILLAGE OF TURTLE LAKE - MULTIPLE COUNTIES,WI,44,41,41,0
81100,TOWN OF TURTLE LAKE - BARRON COUNTY,WI,28,24,23,1
81250,VILLAGE OF TWIN LAKES - KENOSHA COUNTY,WI,566,544,540,4
81300,TOWN OF TWO CREEKS - MANITOWOC COUNTY,WI,33,29,29,0
81325,CITY OF TWO RIVERS - MANITOWOC COUNTY,WI,982,918,915,3
81350,TOWN OF TWO RIVERS - MANITOWOC COUNTY,WI,192,178,178,0
81475,TOWN OF UNDERHILL - OCONTO COUNTY,WI,65,58,57,1
81500,TOWN OF UNION - BURNETT COUNTY,WI,48,45,45,0
81525,TOWN OF UNION - DOOR COUNTY,WI,82,80,80,0
81550,TOWN OF UNION - EAU CLAIRE COUNTY,WI,336,313,304,9
81600,TOWN OF UNION - PIERCE COUNTY,WI,19,17,17,0
81650,TOWN OF UNION - ROCK COUNTY,WI,303,287,286,1
81675,TOWN OF UNION - VERNON COUNTY,WI,57,55,55,0
81700,TOWN OF UNION - WAUPACA COUNTY,WI,31,30,30,0
81725,VILLAGE OF UNION CENTER - JUNEAU COUNTY,WI,9,9,9,0
81775,VILLAGE OF UNION GROVE - RACINE COUNTY,WI,387,353,351,2
81825,TOWN OF UNITY - CLARK COUNTY,WI,30,27,27,0
81850,VILLAGE OF UNITY - MULTIPLE COUNTIES,WI,13,13,13,0
81875,TOWN OF UNITY - TREMPEALEAU COUNTY,WI,42,42,42,0
81950,TOWN OF UPHAM - LANGLADE COUNTY,WI,92,90,90,0
82100,TOWN OF UTICA - CRAWFORD COUNTY,WI,47,44,44,0
82175,TOWN OF UTICA - WINNEBAGO COUNTY,WI,92,90,90,0
82200,VILLAGE OF VALDERS - MANITOWOC COUNTY,WI,48,47,46,1
82375,TOWN OF VANCE CREEK - BARRON COUNTY,WI,10,7,6,1
82400,TOWN OF VANDENBROEK - OUTAGAMIE COUNTY,WI,171,165,163,2
82525,TOWN OF VERMONT - DANE COUNTY,WI,144,138,138,0
82575,VILLAGE OF VERNON - WAUKESHA COUNTY,WI,1039,991,990,1
82600,CITY OF VERONA - DANE COUNTY,WI,2265,2146,2141,5
82625,TOWN OF VERONA - DANE COUNTY,WI,319,301,301,0
82650,VILLAGE OF VESPER - WOOD COUNTY,WI,30,29,29,0
82750,TOWN OF VIENNA - DANE COUNTY,WI,211,203,203,0
82825,TOWN OF VILAS - LANGLADE COUNTY,WI,11,8,8,0
82875,TOWN OF VINLAND - WINNEBAGO COUNTY,WI,194,187,187,0
82900,VILLAGE OF VIOLA - MULTIPLE COUNTIES,WI,55,54,54,0
82925,CITY OF VIROQUA - VERNON COUNTY,WI,468,441,440,1
82950,TOWN OF VIROQUA - VERNON COUNTY,WI,298,281,281,0
83025,TOWN OF WABENO - FOREST COUNTY,WI,50,43,43,0
83050,TOWN OF WAGNER - MARINETTE COUNTY,WI,88,75,75,0
83100,VILLAGE OF WALDO - SHEBOYGAN COUNTY,WI,16,15,15,0
83150,TOWN OF WALDWICK - IOWA COUNTY,WI,22,20,20,0
83175,VILLAGE OF WALES - WAUKESHA COUNTY,WI,280,263,262,1
83250,VILLAGE OF WALWORTH - WALWORTH COUNTY,WI,219,197,195,2
83275,TOWN OF WALWORTH - WALWORTH COUNTY,WI,132,119,116,3
83350,TOWN OF WARNER - CLARK COUNTY,WI,13,12,12,0
83400,TOWN OF WARREN - ST. CROIX COUNTY,WI,177,167,165,2
83425,TOWN OF WARREN - WAUSHARA COUNTY,WI,34,31,31,0
83450,VILLAGE OF WARRENS - MONROE COUNTY,WI,25,21,21,0
83512,TOWN OF WASCOTT - DOUGLAS COUNTY,WI,113,108,108,0
83525,CITY OF WASHBURN - BAYFIELD COUNTY,WI,259,244,243,1
83550,TOWN OF WASHBURN - BAYFIELD COUNTY,WI,81,79,79,0
83575,TOWN OF WASHBURN - CLARK COUNTY,WI,23,21,20,1
83600,TOWN OF WASHINGTON - DOOR COUNTY,WI,105,99,98,1
83612,TOWN OF WASHINGTON - EAU CLAIRE COUNTY,WI,946,905,897,8
83625,TOWN OF WASHINGTON - GREEN COUNTY,WI,61,53,53,0
83650,TOWN OF WASHINGTON - LA CROSSE COUNTY,WI,46,46,46,0
83675,TOWN OF WASHINGTON - RUSK COUNTY,WI,41,41,41,0
83700,TOWN OF WASHINGTON - SAUK COUNTY,WI,31,31,31,0
83725,TOWN OF WASHINGTON - SHAWANO COUNTY,WI,135,133,131,2
83750,TOWN OF WASHINGTON - VILAS COUNTY,WI,267,253,250,3
83825,VILLAGE OF WATERFORD - RACINE COUNTY,WI,561,529,527,2
83850,TOWN OF WATERFORD - RACINE COUNTY,WI,890,860,860,0
83900,TOWN OF WATERLOO - GRANT COUNTY,WI,47,41,41,0
83925,CITY OF WATERLOO - JEFFERSON COUNTY,WI,270,255,254,1
83950,TOWN OF WATERLOO - JEFFERSON COUNTY,WI,86,84,84,0
83975,CITY OF WATERTOWN - MULTIPLE COUNTIES,WI,1765,1668,1657,11
84000,TOWN OF WATERTOWN - JEFFERSON COUNTY,WI,259,250,250,0
84025,TOWN OF WATERVILLE - PEPIN COUNTY,WI,30,30,30,0
84075,TOWN OF WATTERSTOWN - GRANT COUNTY,WI,13,10,10,0
84100,TOWN OF WAUBEEK - PEPIN COUNTY,WI,29,26,26,0
84225,TOWN OF WAUKECHON - SHAWANO COUNTY,WI,75,68,68,0
84250,CITY OF WAUKESHA - WAUKESHA COUNTY,WI,8934,8329,8254,75
84275,VILLAGE OF WAUKESHA - WAUKESHA COUNTY,WI,1271,1198,1187,11
84325,TOWN OF WAUMANDEE - BUFFALO COUNTY,WI,33,32,32,0
84350,VILLAGE OF WAUNAKEE - DANE COUNTY,WI,2605,2471,2470,1
84375,CITY OF WAUPACA - WAUPACA COUNTY,WI,538,508,508,0
84400,TOWN OF WAUPACA - WAUPACA COUNTY,WI,83,80,80,0
84425,CITY OF WAUPUN - MULTIPLE COUNTIES,WI,646,621,621,0
84450,TOWN OF WAUPUN - FOND DU LAC COUNTY,WI,82,78,78,0
84475,CITY OF WAUSAU - MARATHON COUNTY,WI,4254,4003,3993,10
84500,TOWN OF WAUSAU - MARATHON COUNTY,WI,224,215,214,1
84525,VILLAGE OF WAUSAUKEE - MARINETTE COUNTY,WI,35,35,34,1
84550,TOWN OF WAUSAUKEE - MARINETTE COUNTY,WI,86,79,79,0
84625,CITY OF WAUTOMA - WAUSHARA COUNTY,WI,79,70,70,0
84650,TOWN OF WAUTOMA - WAUSHARA COUNTY,WI,95,89,88,1
84675,CITY OF WAUWATOSA - MILWAUKEE COUNTY,WI,8806,8261,8220,41
84725,VILLAGE OF WAUZEKA - CRAWFORD COUNTY,WI,15,15,15,0
84750,TOWN OF WAUZEKA - CRAWFORD COUNTY,WI,31,31,31,0
84850,TOWN OF WAYNE - LAFAYETTE COUNTY,WI,42,41,41,0
84900,TOWN OF WAYNE - WASHINGTON COUNTY,WI,187,185,184,1
84975,TOWN OF WEBB LAKE - BURNETT COUNTY,WI,82,81,81,0
85025,VILLAGE OF WEBSTER - BURNETT COUNTY,WI,34,32,32,0
85050,TOWN OF WEBSTER - VERNON COUNTY,WI,79,74,74,0
85100,TOWN OF WEIRGOR - SAWYER COUNTY,WI,21,21,21,0
85125,TOWN OF WELLINGTON - MONROE COUNTY,WI,24,19,19,0
85150,TOWN OF WELLS - MONROE COUNTY,WI,43,42,42,0
85275,TOWN OF WESCOTT - SHAWANO COUNTY,WI,409,390,389,1
85300,CITY OF WEST ALLIS - MILWAUKEE COUNTY,WI,6460,5880,5848,32
85325,VILLAGE OF WEST BARABOO - SAUK COUNTY,WI,108,94,94,0
85350,CITY OF WEST BEND - WASHINGTON COUNTY,WI,3307,3112,3087,25
85375,TOWN OF WEST BEND - WASHINGTON COUNTY,WI,642,622,618,4
85450,TOWN OF WESTBORO - TAYLOR COUNTY,WI,47,46,46,0
85475,CITY OF WESTBY - VERNON COUNTY,WI,425,416,414,2
85575,VILLAGE OF WESTFIELD - MARQUETTE COUNTY,WI,60,55,55,0
85600,TOWN OF WESTFIELD - MARQUETTE COUNTY,WI,71,67,67,0
85625,TOWN OF WESTFIELD - SAUK COUNTY,WI,27,25,25,0
85650,TOWN OF WESTFORD - DODGE COUNTY,WI,139,137,137,0
85675,TOWN OF WESTFORD - RICHLAND COUNTY,WI,47,46,46,0
85775,TOWN OF WEST KEWAUNEE - KEWAUNEE COUNTY,WI,69,65,63,2
85850,TOWN OF WEST MARSHLAND - BURNETT COUNTY,WI,29,29,29,0
85875,VILLAGE OF WEST MILWAUKEE - MILWAUKEE COUNTY,WI,260,233,233,0
85925,TOWN OF WESTON - CLARK COUNTY,WI,19,16,16,0
85975,TOWN OF WESTON - DUNN COUNTY,WI,35,29,29,0
86025,VILLAGE OF WESTON - MARATHON COUNTY,WI,1733,1644,1634,10
86050,TOWN OF WESTON - MARATHON COUNTY,WI,68,66,66,0
86100,TOWN OF WEST POINT - COLUMBIA COUNTY,WI,253,239,236,3
86125,TOWN OF WESTPORT - DANE COUNTY,WI,902,841,841,0
86275,VILLAGE OF WEST SALEM - LA CROSSE COUNTY,WI,522,502,500,2
86350,TOWN OF WEST SWEDEN - POLK COUNTY,WI,52,50,50,0
86400,CITY OF WEYAUWEGA - WAUPACA COUNTY,WI,67,66,66,0
86425,TOWN OF WEYAUWEGA - WAUPACA COUNTY,WI,29,25,25,0
86450,VILLAGE OF WEYERHAEUSER - RUSK COUNTY,WI,11,11,11,0
86500,TOWN OF WHEATLAND - KENOSHA COUNTY,WI,286,259,258,1
86525,TOWN OF WHEATLAND - VERNON COUNTY,WI,54,54,54,0
86537,TOWN OF WHEATON - CHIPPEWA COUNTY,WI,334,324,324,0
86575,VILLAGE OF WHEELER - DUNN COUNTY,WI,18,17,17,0
86700,VILLAGE OF WHITEFISH BAY - MILWAUKEE COUNTY,WI,2694,2517,2493,24
86725,CITY OF WHITEHALL - TREMPEALEAU COUNTY,WI,100,96,96,0
86750,VILLAGE OF WHITE LAKE - LANGLADE COUNTY,WI,38,37,37,0
86775,VILLAGE OF WHITELAW - MANITOWOC COUNTY,WI,35,33,33,0
86800,TOWN OF WHITE OAK SPRINGS - LAFAYETTE COUNTY,WI,6,6,6,0
86850,TOWN OF WHITE RIVER - ASHLAND COUNTY,WI,72,67,67,0
86900,TOWN OF WHITESTOWN - VERNON COUNTY,WI,43,41,41,0
86925,CITY OF WHITEWATER - MULTIPLE COUNTIES,WI,783,725,713,12
86950,TOWN OF WHITEWATER - WALWORTH COUNTY,WI,175,154,154,0
86975,VILLAGE OF WHITING - PORTAGE COUNTY,WI,164,162,162,0
87025,TOWN OF WIEN - MARATHON COUNTY,WI,34,33,33,0
87075,VILLAGE OF WILD ROSE - WAUSHARA COUNTY,WI,45,41,41,0
87125,TOWN OF WILKINSON - RUSK COUNTY,WI,6,6,6,0
87175,TOWN OF WILLARD - RUSK COUNTY,WI,33,30,29,1
87200,VILLAGE OF WILLIAMS BAY - WALWORTH COUNTY,WI,361,337,335,2
87250,TOWN OF WILLOW - RICHLAND COUNTY,WI,38,37,36,1
87275,TOWN OF WILLOW SPRINGS - LAFAYETTE COUNTY,WI,55,53,53,0
87375,TOWN OF WILSON - DUNN COUNTY,WI,45,44,44,0
87400,TOWN OF WILSON - EAU CLAIRE COUNTY,WI,15,15,15,0
87425,TOWN OF WILSON - LINCOLN COUNTY,WI,26,26,26,0
87450,TOWN OF WILSON - RUSK COUNTY,WI,5,4,4,0
87475,VILLAGE OF WILSON - ST. CROIX COUNTY,WI,13,11,11,0
87500,TOWN OF WILSON - SHEBOYGAN COUNTY,WI,395,370,370,0
87525,VILLAGE OF WILTON - MONROE COUNTY,WI,25,22,22,0
87550,TOWN OF WILTON - MONROE COUNTY,WI,32,32,32,0
87600,TOWN OF WINCHESTER - VILAS COUNTY,WI,75,66,65,1
87650,TOWN OF WINCHESTER - WINNEBAGO COUNTY,WI,191,180,179,1
87700,VILLAGE OF WIND POINT - RACINE COUNTY,WI,253,228,225,3
87725,VILLAGE OF WINDSOR - DANE COUNTY,WI,1348,1292,1288,4
87775,TOWN OF WINFIELD - SAUK COUNTY,WI,68,67,67,0
87800,TOWN OF WINGVILLE - GRANT COUNTY,WI,18,16,16,0
87900,VILLAGE OF WINNECONNE - WINNEBAGO COUNTY,WI,218,212,211,1
87925,TOWN OF WINNECONNE - WINNEBAGO COUNTY,WI,283,272,271,1
87975,VILLAGE OF WINTER - SAWYER COUNTY,WI,34,33,33,0
88000,TOWN OF WINTER - SAWYER COUNTY,WI,113,111,111,0
88050,TOWN OF WIOTA - LAFAYETTE COUNTY,WI,34,31,28,3
88150,CITY OF WISCONSIN DELLS - MULTIPLE COUNTIES,WI,241,224,223,1
88200,CITY OF WISCONSIN RAPIDS - WOOD COUNTY,WI,1498,1392,1379,13
88275,VILLAGE OF WITHEE - CLARK COUNTY,WI,10,10,10,0
88300,TOWN OF WITHEE - CLARK COUNTY,WI,32,32,32,0
88325,VILLAGE OF WITTENBERG - SHAWANO COUNTY,WI,33,30,30,0
88350,TOWN OF WITTENBERG - SHAWANO COUNTY,WI,47,45,45,0
88450,TOWN OF WOLF RIVER - LANGLADE COUNTY,WI,84,80,80,0
88475,TOWN OF WOLF RIVER - WINNEBAGO COUNTY,WI,127,118,118,0
88500,VILLAGE OF WONEWOC - JUNEAU COUNTY,WI,25,23,22,1
88525,TOWN OF WONEWOC - JUNEAU COUNTY,WI,37,35,35,0
88575,TOWN OF WOOD - WOOD COUNTY,WI,49,47,47,0
88625,TOWN OF WOODBORO - ONEIDA COUNTY,WI,78,68,68,0
88775,TOWN OF WOODLAND - SAUK COUNTY,WI,59,54,53,1
88825,VILLAGE OF WOODMAN - GRANT COUNTY,WI,5,5,5,0
88850,TOWN OF WOODMAN - GRANT COUNTY,WI,7,5,5,0
88875,TOWN OF WOODMOHR - CHIPPEWA COUNTY,WI,87,84,84,0
88900,TOWN OF WOOD RIVER - BURNETT COUNTY,WI,81,76,75,1
88950,TOWN OF WOODRUFF - ONEIDA COUNTY,WI,245,227,227,0
89000,TOWN OF WOODVILLE - CALUMET COUNTY,WI,65,62,62,0
89025,VILLAGE OF WOODVILLE - ST. CROIX COUNTY,WI,76,69,69,0
89100,TOWN OF WORCESTER - PRICE COUNTY,WI,174,164,162,2
89125,TOWN OF WORDEN - CLARK COUNTY,WI,20,20,20,0
89150,VILLAGE OF WRIGHTSTOWN - MULTIPLE COUNTIES,WI,305,286,283,3
89175,TOWN OF WRIGHTSTOWN - BROWN COUNTY,WI,218,210,210,0
89250,TOWN OF WYALUSING - GRANT COUNTY,WI,22,22,22,0
89275,VILLAGE OF WYEVILLE - MONROE COUNTY,WI,5,5,5,0
89300,VILLAGE OF WYOCENA - COLUMBIA COUNTY,WI,30,29,29,0
89325,TOWN OF WYOCENA - COLUMBIA COUNTY,WI,175,167,167,0
89350,TOWN OF WYOMING - IOWA COUNTY,WI,39,30,30,0
89375,TOWN OF WYOMING - WAUPACA COUNTY,WI,22,18,18,0
89425,TOWN OF YORK - CLARK COUNTY,WI,33,30,30,0
89450,TOWN OF YORK - DANE COUNTY,WI,57,47,47,0
89475,TOWN OF YORK - GREEN COUNTY,WI,111,106,106,0
89550,VILLAGE OF YORKVILLE - RACINE COUNTY,WI,304,288,288,0
89625,VILLAGE OF YUBA - RICHLAND COUNTY,WI,1,1,1,0
